조사일,분류,지점명,채수위치,조사일,수온,pH,DO,투명도,탁도,Chl-a ,유해남조류세포수,Microcystis,Anabaena,Oscillatoria,Aphanizomenon,지오스민,2MIB,Microcystin-LR 
2023-01-02,하천,강정고령보,다사,2023.01.02,3.0,7.9,12.7,2.5,1.7,9.9,0.0,0.0,0.0,0.0,0.0,,,
2012-01-05,하천,강정고령보,다사,2012.01.05,1.8,7.6,14.6,,,2.3,0.0,,,,,,,
2012-01-10,하천,강정고령보,다사,2012.01.10,3.1,7.5,13.4,,,2.4,0.0,,,,,,,
2012-01-16,하천,강정고령보,다사,2012.01.16,1.9,7.8,13.0,,,4.7,0.0,,,,,,,
2012-01-25,하천,강정고령보,다사,2012.01.25,0.9,7.7,13.0,,,8.6,0.0,,,,,,,
2012-01-30,하천,강정고령보,다사,2012.01.30,2.9,7.6,13.2,,,13.8,0.0,,,,,,,
2012-02-07,하천,강정고령보,다사,2012.02.07,3.0,9.2,14.0,,,46.1,0.0,,,,,,,
2012-02-13,하천,강정고령보,다사,2012.02.13,2.6,8.6,17.0,,,27.3,0.0,,,,,,,
2012-02-20,하천,강정고령보,다사,2012.02.20,2.6,8.2,14.8,,,21.7,0.0,,,,,,,
2012-02-27,하천,강정고령보,다사,2012.02.27,2.5,8.5,14.6,,,34.9,0.0,,,,,,,
2012-02-28,하천,강정고령보,다사,2012.02.28,3.0,8.7,14.2,,,40.2,0.0,,,,,,,
2012-02-29,하천,강정고령보,다사,2012.02.29,5.2,8.9,13.0,,,50.5,0.0,,,,,,,
2012-03-02,하천,강정고령보,다사,2012.03.02,5.4,8.0,17.4,,,73.1,0.0,,,,,,,
2012-03-05,하천,강정고령보,다사,2012.03.05,5.0,9.2,16.4,,,88.5,0.0,,,,,,,
2012-03-08,하천,강정고령보,다사,2012.03.08,8.6,9.3,16.9,,,108.4,0.0,,,,,,,
2012-03-12,하천,강정고령보,다사,2012.03.12,5.7,9.6,16.5,,,81.6,0.0,,,,,,,
2012-03-15,하천,강정고령보,다사,2012.03.15,7.5,9.6,16.4,,,101.8,0.0,,,,,,,
2012-03-19,하천,강정고령보,다사,2012.03.19,10.6,9.7,17.2,,,81.6,0.0,,,,,,,
2012-03-22,하천,강정고령보,다사,2012.03.22,8.5,9.7,17.0,,,80.0,0.0,,,,,,,
2012-03-26,하천,강정고령보,다사,2012.03.26,8.0,9.5,14.9,,,54.7,0.0,,,,,,,
2012-04-02,하천,강정고령보,다사,2012.04.02,10.3,9.4,13.4,,,38.9,0.0,,,,,,,
2012-04-09,하천,강정고령보,다사,2012.04.09,11.7,9.2,13.5,,,43.6,0.0,,,,,,,
2012-04-16,하천,강정고령보,다사,2012.04.16,16.0,9.5,15.0,,,19.4,0.0,,,,,,,
2012-04-23,하천,강정고령보,다사,2012.04.23,15.0,9.0,11.3,,,27.9,0.0,,,,,,,
2012-04-30,하천,강정고령보,다사,2012.04.30,17.3,9.1,12.0,,,41.7,0.0,,,,,,,
2012-05-07,하천,강정고령보,다사,2012.05.07,20.8,9.1,11.0,,,20.8,0.0,,,,,,,
2012-05-14,하천,강정고령보,다사,2012.05.14,18.3,9.0,10.7,,,26.8,314.0,,,,,,,
2012-05-21,하천,강정고령보,다사,2012.05.21,20.2,8.7,9.7,,,8.7,22.0,,,,,,,
2012-05-29,하천,강정고령보,다사,2012.05.29,23.1,8.1,8.6,,,4.2,40.0,,,,,,,
2012-06-04,하천,강정고령보,다사,2012.06.04,24.5,8.4,9.6,,,11.0,1928.0,,,,,,,
2012-06-11,하천,강정고령보,다사,2012.06.11,24.2,7.9,8.2,,,8.1,725.0,,,,,,,
2012-06-18,하천,강정고령보,다사,2012.06.18,24.9,8.3,9.5,,,13.0,652.0,,,,,,,
2012-06-25,하천,강정고령보,다사,2012.06.25,24.0,7.9,8.4,,,6.3,1924.0,,,,,,,
2012-07-02,하천,강정고령보,다사,2012.07.02,25.5,8.5,9.6,,,14.1,6603.0,,,,,,,
2012-07-09,하천,강정고령보,다사,2012.07.09,26.1,8.0,8.5,,,16.5,1704.0,,,,,,,
2012-07-16,하천,강정고령보,다사,2012.07.16,24.4,7.7,8.2,,,7.8,47.0,,,,,,,
2012-07-23,하천,강정고령보,다사,2012.07.23,26.6,8.2,9.2,,,20.4,3031.0,,,,,,,
2012-07-30,하천,강정고령보,다사,2012.07.30,31.9,9.7,13.4,,,30.3,8145.0,,,,,,,
2012-08-18,하천,강정고령보,다사,2012.08.18,26.5,7.9,8.0,,,12.7,1353.0,,,,,정량한계미만,정량한계미만,
2012-08-19,하천,강정고령보,다사,2012.08.19,25.6,7.9,8.3,,,6.6,88.0,,,,,정량한계미만,정량한계미만,
2012-08-20,하천,강정고령보,다사,2012.08.20,25.9,7.6,8.2,,,6.3,648.0,,,,,,,
2012-08-21,하천,강정고령보,다사,2012.08.21,26.9,7.5,8.4,,,17.1,1064.0,,,,,정량한계미만,정량한계미만,
2012-08-22,하천,강정고령보,다사,2012.08.22,26.7,8.6,8.6,,,30.2,1888.0,,,,,정량한계미만,정량한계미만,
2012-08-23,하천,강정고령보,다사,2012.08.23,24.4,7.7,8.2,,,8.0,1032.0,,,,,정량한계미만,정량한계미만,
2012-08-24,하천,강정고령보,다사,2012.08.24,24.4,7.7,8.2,,,7.2,504.0,,,,,정량한계미만,정량한계미만,
2012-08-27,하천,강정고령보,다사,2012.08.27,25.2,7.5,8.7,,,21.5,784.0,,,,,정량한계미만,정량한계미만,
2012-08-29,하천,강정고령보,다사,2012.08.29,25.0,7.6,8.2,,,7.1,296.0,,,,,정량한계미만,정량한계미만,
2012-08-31,하천,강정고령보,다사,2012.08.31,24.6,7.6,8.5,,,6.9,120.0,,,,,정량한계미만,정량한계미만,
2012-08-02,하천,강정고령보,다사,2012.08.02,25.9,7.6,8.2,,,6.3,648.0,,,,,정량한계미만,정량한계미만,
2012-08-06,하천,강정고령보,다사,2012.08.06,30.8,9.5,9.5,,,31.9,50838.0,,,,,,,
2012-08-11,하천,강정고령보,다사,2012.08.11,29.4,9.0,7.4,,,14.5,17968.0,,,,,15,정량한계미만,
2012-08-12,하천,강정고령보,다사,2012.08.12,30.0,7.5,8.9,,,7.5,2184.0,,,,,12,정량한계미만,
2012-08-13,하천,강정고령보,다사,2012.08.13,28.7,8.7,6.8,,,6.4,104.0,,,,,12,정량한계미만,
2012-08-14,하천,강정고령보,다사,2012.08.14,27.7,7.4,7.6,,,6.5,812.0,,,,,11,15,
2012-08-15,하천,강정고령보,다사,2012.08.15,28.0,7.9,6.5,,,6.0,1072.0,,,,,9,정량한계미만,
2012-08-16,하천,강정고령보,다사,2012.08.16,28.3,8.1,7.2,,,7.0,1120.0,,,,,정량한계미만,정량한계미만,
2012-08-17,하천,강정고령보,다사,2012.08.17,26.5,8.2,8.0,,,11.9,32.0,,,,,정량한계미만,정량한계미만,
2012-09-26,하천,강정고령보,다사,2012.09.26,23.9,7.7,8.7,,,16.9,256.0,,,,,정량한계미만,정량한계미만,
2012-09-01,하천,강정고령보,다사,2012.09.01,22.5,7.4,8.1,,,7.3,352.0,,,,,정량한계미만,정량한계미만,
2012-09-03,하천,강정고령보,다사,2012.09.03,22.7,7.9,8.8,,,9.5,384.0,,,,,정량한계미만,정량한계미만,
2012-09-05,하천,강정고령보,다사,2012.09.05,22.3,7.7,8.9,,,22.3,256.0,,,,,정량한계미만,정량한계미만,
2012-09-07,하천,강정고령보,다사,2012.09.07,20.6,7.3,8.9,,,3.8,144.0,,,,,정량한계미만,정량한계미만,
2012-09-12,하천,강정고령보,다사,2012.09.12,20.1,7.2,8.9,,,2.2,80.0,,,,,정량한계미만,정량한계미만,
2012-09-14,하천,강정고령보,다사,2012.09.14,21.1,7.3,8.7,,,10.8,276.0,,,,,정량한계미만,정량한계미만,
2012-09-19,하천,강정고령보,다사,2012.09.19,21.2,8.0,9.6,,,30.5,104.0,,,,,정량한계미만,정량한계미만,
2012-09-21,하천,강정고령보,다사,2012.09.21,23.0,7.4,8.5,,,19.2,136.0,,,,,정량한계미만,정량한계미만,
2012-09-24,하천,강정고령보,다사,2012.09.24,24.4,7.9,8.2,,,7.5,216.0,,,,,정량한계미만,정량한계미만,
2012-10-02,하천,강정고령보,다사,2012.10.02,19.3,7.4,8.7,,,11.9,308.0,,,,,정량한계미만,정량한계미만,
2012-10-08,하천,강정고령보,다사,2012.10.08,18.7,7.6,8.7,,,12.8,0.0,,,,,정량한계미만,정량한계미만,
2012-10-15,하천,강정고령보,다사,2012.10.15,20.9,8.1,9.2,,,20.3,80.0,,,,,정량한계미만,정량한계미만,
2012-10-17,하천,강정고령보,다사,2012.10.17,18.1,7.6,8.5,,,12.1,0.0,,,,,정량한계미만,정량한계미만,
2012-10-22,하천,강정고령보,다사,2012.10.22,17.2,8.2,10.5,,,22.7,40.0,,,,,정량한계미만,정량한계미만,
2012-10-24,하천,강정고령보,다사,2012.10.24,16.6,8.0,9.4,,,2.6,0.0,,,,,정량한계미만,정량한계미만,
2012-10-29,하천,강정고령보,다사,2012.10.29,20.2,7.4,8.2,,,5.6,120.0,,,,,정량한계미만,정량한계미만,
2012-10-31,하천,강정고령보,다사,2012.10.31,15.7,7.9,9.2,,,3.4,192.0,,,,,정량한계미만,정량한계미만,
2012-11-05,하천,강정고령보,다사,2012.11.05,15.1,7.6,9.7,,,11.5,600.0,,,,,정량한계미만,정량한계미만,
2012-11-12,하천,강정고령보,다사,2012.11.12,13.4,7.8,10.1,,,15.8,216.0,,,,,정량한계미만,정량한계미만,
2012-11-19,하천,강정고령보,다사,2012.11.19,10.4,7.5,11.4,,,16.0,436.0,,,,,정량한계미만,정량한계미만,
2012-11-26,하천,강정고령보,다사,2012.11.26,9.9,7.6,11.0,,,19.0,300.0,,,,,,,
2012-12-03,하천,강정고령보,다사,2012.12.03,7.3,8.0,11.6,,,13.2,340.0,,,,,정량한계미만,정량한계미만,
2012-12-05,하천,강정고령보,다사,2012.12.05,6.8,8.3,12.0,,,9.2,0.0,,,,,정량한계미만,정량한계미만,
2012-12-10,하천,강정고령보,다사,2012.12.10,4.7,8.0,12.5,,,9.6,148.0,,,,,정량한계미만,정량한계미만,
2012-12-17,하천,강정고령보,다사,2012.12.17,3.7,8.4,13.7,,,16.7,0.0,,,,,정량한계미만,정량한계미만,
2012-12-20,하천,강정고령보,다사,2012.12.20,3.0,8.4,14.2,,,20.8,192.0,,,,,정량한계미만,정량한계미만,
2013-01-07,하천,강정고령보,다사,2013.01.07,,,,,,,,,,,,,,
2013-01-14,하천,강정고령보,다사,2013.01.14,2.6,8.7,16.2,,,20.6,0.0,,,,,정량한계미만,정량한계미만,
2013-01-21,하천,강정고령보,다사,2013.01.21,2.3,8.5,15.5,,,23.9,0.0,,,,,정량한계미만,정량한계미만,
2013-01-28,하천,강정고령보,다사,2013.01.28,2.2,7.7,14.6,,,11.3,0.0,,,,,정량한계미만,정량한계미만,
2013-02-04,하천,강정고령보,다사,2013.02.04,1.9,7.6,14.8,,,7.6,0.0,,,,,정량한계미만,정량한계미만,
2013-02-12,하천,강정고령보,다사,2013.02.12,1.5,7.5,14.9,,,8.6,0.0,,,,,정량한계미만,정량한계미만,
2013-02-18,하천,강정고령보,다사,2013.02.18,2.2,7.4,15.0,,,13.0,0.0,,,,,정량한계미만,정량한계미만,
2013-02-25,하천,강정고령보,다사,2013.02.25,2.6,7.5,14.7,,,24.0,0.0,,,,,정량한계미만,정량한계미만,
2013-03-04,하천,강정고령보,다사,2013.03.04,4.7,7.4,14.4,,,28.3,0.0,,,,,정량한계미만,정량한계미만,
2013-03-11,하천,강정고령보,다사,2013.03.11,6.9,8.7,16.5,,,106.7,0.0,,,,,정량한계미만,정량한계미만,
2013-03-18,하천,강정고령보,다사,2013.03.18,10.2,8.8,14.4,,,50.9,0.0,,,,,정량한계미만,정량한계미만,
2013-03-25,하천,강정고령보,다사,2013.03.25,9.7,8.8,13.7,,,41.6,0.0,,,,,정량한계미만,정량한계미만,
2013-04-01,하천,강정고령보,다사,2013.04.01,11.3,8.4,12.8,,,24.7,0.0,,,,,정량한계미만,정량한계미만,
2013-04-08,하천,강정고령보,다사,2013.04.08,11.7,8.5,11.3,,,14.3,88.0,,,,,정량한계미만,정량한계미만,
2013-04-15,하천,강정고령보,다사,2013.04.15,12.3,8.1,11.6,,,23.7,124.0,,,,,정량한계미만,정량한계미만,
2013-04-22,하천,강정고령보,다사,2013.04.22,13.1,7.9,10.6,,,11.4,496.0,,,,,정량한계미만,정량한계미만,
2013-04-29,하천,강정고령보,다사,2013.04.29,14.7,8.4,11.4,,,17.9,0.0,,,,,정량한계미만,정량한계미만,
2013-05-06,하천,강정고령보,다사,2013.05.06,17.6,8.9,12.0,,,15.5,256.0,,,,,정량한계미만,정량한계미만,
2013-05-13,하천,강정고령보,다사,2013.05.13,20.5,8.5,10.4,,,7.1,0.0,,,,,정량한계미만,정량한계미만,
2013-05-20,하천,강정고령보,다사,2013.05.20,20.5,8.2,9.0,,,5.3,0.0,,,,,정량한계미만,정량한계미만,
2013-05-27,하천,강정고령보,다사,2013.05.27,23.9,8.3,8.9,,,3.0,0.0,,,,,정량한계미만,정량한계미만,
2013-06-03,하천,강정고령보,다사,2013.06.03,22.4,7.9,8.8,,,16.1,0.0,,,,,정량한계미만,정량한계미만,
2013-06-10,하천,강정고령보,다사,2013.06.10,23.7,8.2,8.6,,,26.4,0.0,,,,,정량한계미만,정량한계미만,
2013-06-17,하천,강정고령보,다사,2013.06.17,26.5,8.0,8.6,,,8.5,673.0,,,,,정량한계미만,정량한계미만,
2013-06-24,하천,강정고령보,다사,2013.06.24,23.6,7.4,8.7,,,10.8,0.0,,,,,정량한계미만,정량한계미만,
2013-07-01,하천,강정고령보,다사,2013.07.01,27.3,9.0,10.0,,,21.5,224.0,,,,,정량한계미만,정량한계미만,
2013-07-08,하천,강정고령보,다사,2013.07.08,26.4,7.5,7.8,,,9.1,0.0,,,,,정량한계미만,정량한계미만,
2013-07-15,하천,강정고령보,다사,2013.07.15,28.1,8.6,9.0,,,30.8,978.0,,,,,정량한계미만,정량한계미만,
2013-07-22,하천,강정고령보,다사,2013.07.22,29.0,8.1,8.4,,,19.9,421.0,,,,,3,정량한계미만,
2013-07-29,하천,강정고령보,다사,2013.07.29,29.2,7.9,7.8,,,15.2,8084.0,,,,,9,10,
2013-07-31,하천,강정고령보,다사,2013.07.31,30.0,8.4,8.9,,,38.1,10952.0,,,,,5,6,
2013-08-23,하천,강정고령보,다사,2013.08.23,30.1,8.6,8.6,,,25.1,3952.0,,,,,6,8,
2013-08-26,하천,강정고령보,다사,2013.08.26,28.2,7.4,7.0,,,24.6,20768.0,,,,,정량한계미만,7,
2013-08-28,하천,강정고령보,다사,2013.08.28,29.7,8.6,8.5,,,18.0,28144.0,,,,,정량한계미만,14,
2013-08-30,하천,강정고령보,다사,2013.08.30,28.1,7.5,7.7,,,17.9,2560.0,,,,,정량한계미만,9,
2013-08-02,하천,강정고령보,다사,2013.08.02,28.4,8.6,8.0,,,45.9,14548.0,,,,,7,5,
2013-08-05,하천,강정고령보,다사,2013.08.05,29.6,8.0,8.3,,,26.3,19224.0,,,,,14,3,
2013-08-07,하천,강정고령보,다사,2013.08.07,29.1,8.2,8.4,,,42.9,7740.0,,,,,18,7,
2013-08-09,하천,강정고령보,다사,2013.08.09,29.8,8.5,9.8,,,20.9,9192.0,,,,,14,3,
2013-08-12,하천,강정고령보,다사,2013.08.12,31.5,8.5,9.2,,,20.4,3376.0,,,,,9,3,
2013-08-14,하천,강정고령보,다사,2013.08.14,31.9,8.5,8.6,,,30.8,5544.0,,,,,9,정량한계미만,
2013-08-16,하천,강정고령보,다사,2013.08.16,31.5,8.5,9.4,,,33.2,7472.0,,,,,8,6,
2013-08-19,하천,강정고령보,다사,2013.08.19,31.0,8.4,9.0,,,27.7,5984.0,,,,,6,11,
2013-08-21,하천,강정고령보,다사,2013.08.21,29.6,7.8,7.3,,,14.6,2029.0,,,,,4,6,
2013-09-02,하천,강정고령보,다사,2013.09.02,27.9,7.2,7.0,,,18.2,12248.0,,,,,정량한계미만,3,
2013-09-04,하천,강정고령보,다사,2013.09.04,27.2,7.8,7.4,,,17.3,6064.0,,,,,정량한계미만,9,
2013-09-09,하천,강정고령보,다사,2013.09.09,28.6,9.0,10.3,,,39.0,6240.0,,,,,정량한계미만,11,
2013-09-12,하천,강정고령보,다사,2013.09.12,24.0,8.8,9.3,,,53.7,5396.0,,,,,정량한계미만,15,
2013-09-16,하천,강정고령보,다사,2013.09.16,26.6,8.5,9.8,,,34.8,5720.0,,,,,정량한계미만,8,
2013-09-23,하천,강정고령보,다사,2013.09.23,25.5,7.7,7.5,,,9.9,352.0,,,,,정량한계미만,정량한계미만,
2013-09-30,하천,강정고령보,다사,2013.09.30,24.2,8.1,8.8,,,26.1,6080.0,,,,,정량한계미만,7,
2013-10-07,하천,강정고령보,다사,2013.10.07,23.6,7.4,8.3,,,7.1,1504.0,,,,,정량한계미만,정량한계미만,
2013-10-14,하천,강정고령보,다사,2013.10.14,23.3,8.9,9.9,,,34.9,1092.0,,,,,정량한계미만,정량한계미만,
2013-10-21,하천,강정고령보,다사,2013.10.21,20.0,8.9,12.6,,,63.1,376.0,,,,,정량한계미만,10,
2013-10-28,하천,강정고령보,다사,2013.10.28,18.2,8.6,11.3,,,51.4,192.0,,,,,정량한계미만,12,
2013-11-04,하천,강정고령보,다사,2013.11.04,17.4,8.5,11.1,,,45.0,480.0,,,,,정량한계미만,정량한계미만,
2013-11-11,하천,강정고령보,다사,2013.11.11,15.0,8.8,10.4,,,17.9,195.0,,,,,정량한계미만,정량한계미만,
2013-11-18,하천,강정고령보,다사,2013.11.18,11.3,8.6,10.1,,,5.5,970.0,,,,,정량한계미만,정량한계미만,
2013-11-25,하천,강정고령보,다사,2013.11.25,10.9,8.4,10.7,,,7.1,0.0,,,,,정량한계미만,정량한계미만,
2013-12-02,하천,강정고령보,다사,2013.12.02,9.9,7.7,10.4,,,9.8,3110.0,,,,,정량한계미만,정량한계미만,
2013-12-09,하천,강정고령보,다사,2013.12.09,7.3,8.0,11.3,,,15.0,375.0,,,,,정량한계미만,정량한계미만,
2013-12-16,하천,강정고령보,다사,2013.12.16,5.5,7.6,11.8,,,22.6,85.0,,,,,정량한계미만,정량한계미만,
2013-12-23,하천,강정고령보,다사,2013.12.23,5.1,8.0,13.5,,,19.2,190.0,,,,,정량한계미만,정량한계미만,
2013-02-04,하천,강정고령보,고령광역취수장,2013.02.04,,,,,,,0.0,0.0,0.0,0.0,0.0,,,
2013-02-12,하천,강정고령보,고령광역취수장,2013.02.12,,,,,,,0.0,0.0,0.0,0.0,0.0,,,
2013-02-18,하천,강정고령보,고령광역취수장,2013.02.18,,,,,,,0.0,0.0,0.0,0.0,0.0,,,
2013-02-26,하천,강정고령보,고령광역취수장,2013.02.26,,,,,,,0.0,0.0,0.0,0.0,0.0,,,
2013-03-04,하천,강정고령보,고령광역취수장,2013.03.04,,,,,,,0.0,0.0,0.0,0.0,0.0,,,
2013-03-11,하천,강정고령보,고령광역취수장,2013.03.11,,,,,,,0.0,0.0,0.0,0.0,0.0,,,
2013-03-18,하천,강정고령보,고령광역취수장,2013.03.18,,,,,,,0.0,0.0,0.0,0.0,0.0,,,
2013-03-25,하천,강정고령보,고령광역취수장,2013.03.25,,,,,,,0.0,0.0,0.0,0.0,0.0,,,
2013-04-01,하천,강정고령보,고령광역취수장,2013.04.01,,,,,,,0.0,0.0,0.0,0.0,0.0,,,
2013-04-09,하천,강정고령보,고령광역취수장,2013.04.09,,,,,,,240.0,0.0,0.0,0.0,0.0,,,
2013-04-15,하천,강정고령보,고령광역취수장,2013.04.15,,,,,,,320.0,0.0,0.0,0.0,0.0,,,
2013-04-24,하천,강정고령보,고령광역취수장,2013.04.24,,,,,,,0.0,0.0,0.0,0.0,0.0,,,
2013-04-29,하천,강정고령보,고령광역취수장,2013.04.29,,,,,,,0.0,0.0,0.0,0.0,0.0,,,
2013-05-06,하천,강정고령보,고령광역취수장,2013.05.06,,,,,,,0.0,0.0,0.0,0.0,0.0,,,
2013-05-13,하천,강정고령보,고령광역취수장,2013.05.13,,,,,,,0.0,0.0,0.0,0.0,0.0,,,
2013-05-20,하천,강정고령보,고령광역취수장,2013.05.20,,,,,,,0.0,0.0,0.0,0.0,0.0,,,
2013-05-27,하천,강정고령보,고령광역취수장,2013.05.27,,,,,,,0.0,0.0,0.0,0.0,0.0,,,
2013-06-03,하천,강정고령보,고령광역취수장,2013.06.03,,,,,,,0.0,0.0,0.0,0.0,0.0,,,
2013-06-10,하천,강정고령보,고령광역취수장,2013.06.10,,,,,,,0.0,0.0,0.0,0.0,0.0,,,
2013-06-17,하천,강정고령보,고령광역취수장,2013.06.17,,,,,,,1008.0,0.0,0.0,0.0,0.0,,,
2013-06-24,하천,강정고령보,고령광역취수장,2013.06.24,,,,,,,0.0,0.0,0.0,0.0,0.0,,,
2013-07-01,하천,강정고령보,고령광역취수장,2013.07.01,,,,,,,852.0,0.0,0.0,0.0,0.0,,,
2013-07-09,하천,강정고령보,고령광역취수장,2013.07.09,,,,,,,0.0,0.0,0.0,0.0,0.0,,,
2013-07-15,하천,강정고령보,고령광역취수장,2013.07.15,,,,,,,360.0,0.0,0.0,0.0,0.0,,,
2013-07-22,하천,강정고령보,고령광역취수장,2013.07.22,,,,,,,512.0,0.0,0.0,0.0,0.0,,,
2013-07-29,하천,강정고령보,고령광역취수장,2013.07.29,,,,,,,8696.0,0.0,0.0,0.0,0.0,,,
2013-08-05,하천,강정고령보,고령광역취수장,2013.08.05,,,,,,,2880.0,0.0,0.0,0.0,0.0,,,
2013-08-12,하천,강정고령보,고령광역취수장,2013.08.12,,,,,,,2400.0,0.0,0.0,0.0,0.0,,,
2013-08-19,하천,강정고령보,고령광역취수장,2013.08.19,,,,,,,2192.0,0.0,0.0,0.0,0.0,,,
2013-08-26,하천,강정고령보,고령광역취수장,2013.08.26,,,,,,,1536.0,0.0,0.0,0.0,0.0,,,
2013-09-02,하천,강정고령보,고령광역취수장,2013.09.02,,,,,,,13972.0,0.0,0.0,0.0,0.0,,,
2013-09-09,하천,강정고령보,고령광역취수장,2013.09.09,,,,,,,29408.0,0.0,0.0,0.0,0.0,정량한계미만,11,정량한계미만
2013-09-12,하천,강정고령보,고령광역취수장,2013.09.12,,,,,,,8056.0,0.0,0.0,0.0,0.0,정량한계미만,15,정량한계미만
2013-09-16,하천,강정고령보,고령광역취수장,2013.09.16,,,,,,,6976.0,0.0,0.0,0.0,0.0,정량한계미만,5,정량한계미만
2013-09-20,하천,강정고령보,고령광역취수장,2013.09.20,,,,,,,3080.0,0.0,0.0,0.0,0.0,정량한계미만,정량한계미만,정량한계미만
2013-09-23,하천,강정고령보,고령광역취수장,2013.09.23,,,,,,,3840.0,0.0,0.0,0.0,0.0,정량한계미만,정량한계미만,정량한계미만
2013-09-30,하천,강정고령보,고령광역취수장,2013.09.30,,,,,,,4720.0,0.0,0.0,0.0,0.0,정량한계미만,5,정량한계미만
2013-10-07,하천,강정고령보,고령광역취수장,2013.10.07,,,,,,,892.0,0.0,0.0,0.0,0.0,정량한계미만,정량한계미만,정량한계미만
2013-10-10,하천,강정고령보,고령광역취수장,2013.10.10,,,,,,,196.0,0.0,0.0,0.0,0.0,정량한계미만,정량한계미만,정량한계미만
2013-10-14,하천,강정고령보,고령광역취수장,2013.10.14,,,,,,,480.0,0.0,0.0,0.0,0.0,정량한계미만,정량한계미만,정량한계미만
2013-10-21,하천,강정고령보,고령광역취수장,2013.10.21,,,,,,,472.0,0.0,0.0,0.0,0.0,정량한계미만,6,정량한계미만
2013-10-28,하천,강정고령보,고령광역취수장,2013.10.28,,,,,,,412.0,0.0,0.0,0.0,0.0,정량한계미만,정량한계미만,정량한계미만
2013-11-04,하천,강정고령보,고령광역취수장,2013.11.04,,,,,,,112.0,0.0,0.0,0.0,0.0,정량한계미만,정량한계미만,정량한계미만
2013-11-11,하천,강정고령보,고령광역취수장,2013.11.11,,,,,,,312.0,0.0,0.0,0.0,0.0,정량한계미만,정량한계미만,정량한계미만
2013-11-18,하천,강정고령보,고령광역취수장,2013.11.18,,,,,,,472.0,0.0,0.0,0.0,0.0,정량한계미만,3,정량한계미만
2013-11-25,하천,강정고령보,고령광역취수장,2013.11.25,,,,,,,89.0,0.0,0.0,0.0,0.0,정량한계미만,정량한계미만,정량한계미만
2013-12-02,하천,강정고령보,고령광역취수장,2013.12.02,,,,,,,288.0,0.0,0.0,0.0,0.0,정량한계미만,정량한계미만,정량한계미만
2013-12-09,하천,강정고령보,고령광역취수장,2013.12.09,,,,,,,366.0,0.0,0.0,0.0,0.0,정량한계미만,정량한계미만,정량한계미만
2013-12-16,하천,강정고령보,고령광역취수장,2013.12.16,,,,,,,0.0,0.0,0.0,0.0,0.0,정량한계미만,정량한계미만,정량한계미만
2013-12-23,하천,강정고령보,고령광역취수장,2013.12.23,,,,,,,0.0,0.0,0.0,0.0,0.0,정량한계미만,정량한계미만,정량한계미만
2014-01-06,하천,강정고령보,다사,2014.01.06,4.7,8.1,14.3,,,25.8,0.0,,,,,정량한계미만,정량한계미만,
2014-01-13,하천,강정고령보,다사,2014.01.13,2.6,8.8,14.9,,,24.4,0.0,,,,,정량한계미만,정량한계미만,
2014-01-20,하천,강정고령보,다사,2014.01.20,,,,,,,,,,,,,,
2014-01-27,하천,강정고령보,다사,2014.01.27,3.6,8.8,14.8,,,18.9,0.0,,,,,정량한계미만,정량한계미만,
2014-02-03,하천,강정고령보,다사,2014.02.03,5.4,8.8,14.9,,,22.9,0.0,,,,,정량한계미만,정량한계미만,
2014-02-10,하천,강정고령보,다사,2014.02.10,3.8,8.9,15.1,,,32.6,0.0,,,,,정량한계미만,정량한계미만,
2014-02-17,하천,강정고령보,다사,2014.02.17,4.8,9.2,15.0,,,38.1,0.0,,,,,3,정량한계미만,
2014-02-24,하천,강정고령보,다사,2014.02.24,5.1,9.2,15.1,,,38.5,0.0,,,,,정량한계미만,정량한계미만,
2014-03-03,하천,강정고령보,다사,2014.03.03,7.5,9.2,14.7,,,37.5,0.0,,,,,정량한계미만,정량한계미만,
2014-03-10,하천,강정고령보,다사,2014.03.10,6.3,9.0,14.5,,,27.1,0.0,,,,,정량한계미만,정량한계미만,
2014-03-17,하천,강정고령보,다사,2014.03.17,9.9,8.8,12.7,,,33.4,0.0,,,,,7,정량한계미만,
2014-03-24,하천,강정고령보,다사,2014.03.24,12.1,8.3,12.6,,,22.1,0.0,,,,,7,정량한계미만,
2014-04-01,하천,강정고령보,다사,2014.04.01,13.1,8.1,12.4,,,23.3,0.0,,,,,6,정량한계미만,
2014-04-07,하천,강정고령보,다사,2014.04.07,14.1,8.3,12.6,,,20.2,0.0,,,,,8,정량한계미만,
2014-04-14,하천,강정고령보,다사,2014.04.14,13.4,8.2,11.3,,,16.4,0.0,,,,,12,정량한계미만,
2014-04-21,하천,강정고령보,다사,2014.04.21,14.9,8.1,10.2,,,9.1,0.0,,,,,5,정량한계미만,
2014-04-30,하천,강정고령보,다사,2014.04.30,15.9,7.7,8.8,,,7.2,0.0,,,,,9,정량한계미만,
2014-05-07,하천,강정고령보,다사,2014.05.07,17.1,7.6,10.5,,,10.1,0.0,,,,,7,정량한계미만,
2014-05-12,하천,강정고령보,다사,2014.05.12,18.1,7.7,11.2,,,14.5,0.0,,,,,5,정량한계미만,
2014-05-19,하천,강정고령보,다사,2014.05.19,19.3,7.6,10.8,,,9.7,330.0,,,,,4,정량한계미만,
2014-05-26,하천,강정고령보,다사,2014.05.26,19.7,7.8,7.2,,,14.7,571.0,,,,,5,정량한계미만,
2014-06-02,하천,강정고령보,다사,2014.06.02,21.0,8.4,7.4,,,8.2,915.0,,,,,11,정량한계미만,
2014-06-09,하천,강정고령보,다사,2014.06.09,21.3,7.9,5.9,,,6.6,21921.0,,,,,180,정량한계미만,
2014-06-16,하천,강정고령보,다사,2014.06.16,23.4,8.2,8.2,,,19.2,45845.0,,,,,19,정량한계미만,
2014-06-19,하천,강정고령보,다사,2014.06.19,23.1,8.6,7.4,,,13.6,49874.0,,,,,43,정량한계미만,
2014-06-23,하천,강정고령보,다사,2014.06.23,22.9,8.2,6.5,,,13.3,187935.0,,,,,10,정량한계미만,
2014-06-25,하천,강정고령보,다사,2014.06.25,23.6,9.2,9.5,,,17.9,74253.0,,,,,31,정량한계미만,
2014-06-27,하천,강정고령보,다사,2014.06.27,23.6,7.9,6.6,,,14.9,13167.0,,,,,25,정량한계미만,
2014-06-30,하천,강정고령보,다사,2014.06.30,24.4,8.2,5.1,,,10.4,17154.0,,,,,22,정량한계미만,
2014-07-31,하천,강정고령보,다사,2014.07.31,26.2,8.2,4.5,,,10.8,8485.0,,,,,46,12,
2014-07-02,하천,강정고령보,다사,2014.07.02,24.4,8.1,4.8,,,16.4,12751.0,,,,,20,정량한계미만,
2014-07-04,하천,강정고령보,다사,2014.07.04,24.3,8.3,4.7,,,12.1,5424.0,,,,,27,6,
2014-07-07,하천,강정고령보,다사,2014.07.07,24.8,8.2,5.9,,,16.4,55755.0,,,,,32,7,
2014-07-10,하천,강정고령보,다사,2014.07.10,25.3,8.1,7.6,,,21.0,12915.0,,,,,19,8,
2014-07-14,하천,강정고령보,다사,2014.07.14,25.2,8.3,4.7,,,12.2,26932.0,,,,,22,6,
2014-07-17,하천,강정고령보,다사,2014.07.17,24.9,8.0,3.1,,,5.5,6390.0,,,,,26,4,
2014-07-21,하천,강정고령보,다사,2014.07.21,25.6,8.2,4.6,,,14.2,13495.0,,,,,25,8,
2014-07-24,하천,강정고령보,다사,2014.07.24,26.4,8.2,6.0,,,12.8,3445.0,,,,,24,10,
2014-07-28,하천,강정고령보,다사,2014.07.28,26.8,7.8,3.9,,,10.6,15800.0,,,,,62,14,
2014-08-04,하천,강정고령보,다사,2014.08.04,26.5,8.3,3.9,,,7.3,12450.0,,,,,14,12,
2014-08-07,하천,강정고령보,다사,2014.08.07,27.3,8.3,6.1,,,14.4,85290.0,,,,,정량한계미만,13,
2014-08-11,하천,강정고령보,다사,2014.08.11,26.0,7.3,7.2,,,7.3,29380.0,,,,,정량한계미만,8,
2014-08-13,하천,강정고령보,다사,2014.08.13,25.7,7.7,6.9,,,8.3,10420.0,,,,,4,11,
2014-08-28,하천,강정고령보,다사,2014.08.28,23.5,7.5,8.5,,,4.4,0.0,,,,,정량한계미만,정량한계미만,
2014-09-01,하천,강정고령보,다사,2014.09.01,23.4,7.9,9.3,,,11.3,195.0,,,,,정량한계미만,정량한계미만,
2014-09-11,하천,강정고령보,다사,2014.09.11,24.4,8.1,9.4,,,12.5,190.0,,,,,11,정량한계미만,
2014-09-15,하천,강정고령보,다사,2014.09.15,23.8,7.6,6.4,,,4.9,3660.0,,,,,10,정량한계미만,
2014-09-22,하천,강정고령보,다사,2014.09.22,23.5,7.9,7.5,,,6.9,2550.0,,,,,7,5,
2014-09-29,하천,강정고령보,다사,2014.09.29,22.5,7.6,7.3,,,5.7,1150.0,,,,,정량한계미만,정량한계미만,
2014-10-06,하천,강정고령보,다사,2014.10.06,21.2,7.5,7.1,,,5.0,150.0,,,,,정량한계미만,정량한계미만,
2014-10-14,하천,강정고령보,다사,2014.10.14,19.7,7.8,8.3,,,12.2,350.0,,,,,정량한계미만,정량한계미만,
2014-10-20,하천,강정고령보,다사,2014.10.20,18.4,7.8,9.0,,,13.1,1055.0,,,,,정량한계미만,정량한계미만,
2014-10-27,하천,강정고령보,다사,2014.10.27,16.3,8.1,9.7,,,15.2,300.0,,,,,정량한계미만,정량한계미만,
2014-11-03,하천,강정고령보,다사,2014.11.03,14.5,7.5,11.3,,,10.5,65.0,,,,,정량한계미만,정량한계미만,
2014-11-10,하천,강정고령보,다사,2014.11.10,13.8,7.9,11.1,,,25.1,155.0,,,,,정량한계미만,정량한계미만,
2014-11-17,하천,강정고령보,다사,2014.11.17,11.9,8.5,13.9,,,95.5,0.0,,,,,정량한계미만,정량한계미만,
2014-11-24,하천,강정고령보,다사,2014.11.24,10.7,8.8,15.9,,,85.6,0.0,,,,,정량한계미만,정량한계미만,
2014-12-02,하천,강정고령보,다사,2014.12.02,9.5,8.4,15.0,,,98.2,0.0,,,,,정량한계미만,정량한계미만,
2014-12-09,하천,강정고령보,다사,2014.12.09,6.7,8.2,14.8,,,96.9,0.0,,,,,정량한계미만,정량한계미만,
2014-12-15,하천,강정고령보,다사,2014.12.15,5.3,8.5,14.5,,,71.1,0.0,,,,,정량한계미만,정량한계미만,
2014-12-22,하천,강정고령보,다사,2014.12.22,2.9,8.4,16.2,,,55.9,0.0,,,,,정량한계미만,정량한계미만,
2014-12-29,하천,강정고령보,다사,2014.12.29,2.5,7.8,15.2,,,40.7,0.0,,,,,정량한계미만,정량한계미만,
2013-12-30,하천,강정고령보,고령광역취수장,2013.12.30,,,,,,,0.0,0.0,0.0,0.0,0.0,정량한계미만,정량한계미만,정량한계미만
2014-01-06,하천,강정고령보,고령광역취수장,2014.01.06,,,,,,,0.0,0.0,0.0,0.0,0.0,정량한계미만,정량한계미만,정량한계미만
2014-01-13,하천,강정고령보,고령광역취수장,2014.01.13,,,,,,,0.0,0.0,0.0,0.0,0.0,정량한계미만,정량한계미만,정량한계미만
2014-01-20,하천,강정고령보,고령광역취수장,2014.01.20,,,,,,,0.0,0.0,0.0,0.0,0.0,,,
2014-01-27,하천,강정고령보,고령광역취수장,2014.01.27,,,,,,,0.0,0.0,0.0,0.0,0.0,,,
2014-02-03,하천,강정고령보,고령광역취수장,2014.02.03,,,,,,,0.0,0.0,0.0,0.0,0.0,정량한계미만,정량한계미만,정량한계미만
2014-02-10,하천,강정고령보,고령광역취수장,2014.02.10,,,,,,,0.0,0.0,0.0,0.0,0.0,정량한계미만,정량한계미만,정량한계미만
2014-02-17,하천,강정고령보,고령광역취수장,2014.02.17,,,,,,,0.0,0.0,0.0,0.0,0.0,정량한계미만,정량한계미만,정량한계미만
2014-02-24,하천,강정고령보,고령광역취수장,2014.02.24,,,,,,,0.0,0.0,0.0,0.0,0.0,정량한계미만,정량한계미만,정량한계미만
2014-03-03,하천,강정고령보,고령광역취수장,2014.03.03,,,,,,,0.0,0.0,0.0,0.0,0.0,정량한계미만,정량한계미만,정량한계미만
2014-03-10,하천,강정고령보,고령광역취수장,2014.03.10,,,,,,,0.0,0.0,0.0,0.0,0.0,정량한계미만,정량한계미만,정량한계미만
2014-03-17,하천,강정고령보,고령광역취수장,2014.03.17,,,,,,,0.0,0.0,0.0,0.0,0.0,4,정량한계미만,정량한계미만
2014-03-24,하천,강정고령보,고령광역취수장,2014.03.24,,,,,,,0.0,0.0,0.0,0.0,0.0,6,정량한계미만,정량한계미만
2014-03-31,하천,강정고령보,고령광역취수장,2014.03.31,,,,,,,0.0,0.0,0.0,0.0,0.0,5,정량한계미만,정량한계미만
2014-04-07,하천,강정고령보,고령광역취수장,2014.04.07,,,,,,,0.0,0.0,0.0,0.0,0.0,9,4,정량한계미만
2014-04-14,하천,강정고령보,고령광역취수장,2014.04.14,,,,,,,0.0,0.0,0.0,0.0,0.0,8,정량한계미만,정량한계미만
2014-04-21,하천,강정고령보,고령광역취수장,2014.04.21,,,,,,,0.0,0.0,0.0,0.0,0.0,5,정량한계미만,정량한계미만
2014-04-28,하천,강정고령보,고령광역취수장,2014.04.28,,,,,,,0.0,0.0,0.0,0.0,0.0,7,정량한계미만,정량한계미만
2014-05-07,하천,강정고령보,고령광역취수장,2014.05.07,,,,,,,0.0,0.0,0.0,0.0,0.0,5,정량한계미만,정량한계미만
2014-05-12,하천,강정고령보,고령광역취수장,2014.05.12,,,,,,,0.0,0.0,0.0,0.0,0.0,5,정량한계미만,정량한계미만
2014-05-19,하천,강정고령보,고령광역취수장,2014.05.19,,,,,,,0.0,0.0,0.0,0.0,0.0,8,정량한계미만,정량한계미만
2014-05-26,하천,강정고령보,고령광역취수장,2014.05.26,,,,,,,212.0,0.0,0.0,0.0,0.0,5,정량한계미만,정량한계미만
2014-06-02,하천,강정고령보,고령광역취수장,2014.06.02,,,,,,,1027.0,0.0,0.0,0.0,0.0,11,정량한계미만,정량한계미만
2014-06-09,하천,강정고령보,고령광역취수장,2014.06.09,,,,,,,36343.0,0.0,0.0,0.0,0.0,665,정량한계미만,정량한계미만
2014-06-16,하천,강정고령보,고령광역취수장,2014.06.16,,,,,,,29234.0,0.0,0.0,0.0,0.0,16,정량한계미만,정량한계미만
2014-06-23,하천,강정고령보,고령광역취수장,2014.06.23,,,,,,,17888.0,0.0,0.0,0.0,0.0,17,정량한계미만,정량한계미만
2014-06-26,하천,강정고령보,고령광역취수장,2014.06.26,,,,,,,16047.0,0.0,0.0,0.0,0.0,16,4,정량한계미만
2014-06-30,하천,강정고령보,고령광역취수장,2014.06.30,,,,,,,25900.0,0.0,0.0,0.0,0.0,17,4,정량한계미만
2014-07-07,하천,강정고령보,고령광역취수장,2014.07.07,,,,,,,3650.0,0.0,0.0,0.0,0.0,13,6,정량한계미만
2014-07-14,하천,강정고령보,고령광역취수장,2014.07.14,,,,,,,3295.0,0.0,0.0,0.0,0.0,12,6,정량한계미만
2014-07-21,하천,강정고령보,고령광역취수장,2014.07.21,,,,,,,10215.0,0.0,0.0,0.0,0.0,21,8,정량한계미만
2014-07-28,하천,강정고령보,고령광역취수장,2014.07.28,,,,,,,32960.0,0.0,0.0,0.0,0.0,22,13,정량한계미만
2014-08-04,하천,강정고령보,고령광역취수장,2014.08.04,,,,,,,32980.0,0.0,0.0,0.0,0.0,5,16,정량한계미만
2014-08-11,하천,강정고령보,고령광역취수장,2014.08.11,,,,,,,12700.0,0.0,0.0,0.0,0.0,정량한계미만,8,정량한계미만
2014-08-19,하천,강정고령보,고령광역취수장,2014.08.19,,,,,,,180.0,0.0,0.0,0.0,0.0,4,4,정량한계미만
2014-08-28,하천,강정고령보,고령광역취수장,2014.08.28,,,,,,,0.0,0.0,0.0,0.0,0.0,정량한계미만,정량한계미만,정량한계미만
2014-09-01,하천,강정고령보,고령광역취수장,2014.09.01,,,,,,,0.0,0.0,0.0,0.0,0.0,정량한계미만,정량한계미만,정량한계미만
2014-09-11,하천,강정고령보,고령광역취수장,2014.09.11,,,,,,,1730.0,0.0,0.0,0.0,0.0,14,정량한계미만,정량한계미만
2014-09-15,하천,강정고령보,고령광역취수장,2014.09.15,,,,,,,2650.0,0.0,0.0,0.0,0.0,19,정량한계미만,정량한계미만
2014-09-22,하천,강정고령보,고령광역취수장,2014.09.22,,,,,,,2075.0,0.0,0.0,0.0,0.0,4,정량한계미만,정량한계미만
2014-09-29,하천,강정고령보,고령광역취수장,2014.09.29,,,,,,,410.0,0.0,0.0,0.0,0.0,정량한계미만,정량한계미만,정량한계미만
2014-10-06,하천,강정고령보,고령광역취수장,2014.10.06,,,,,,,180.0,0.0,0.0,0.0,0.0,정량한계미만,정량한계미만,정량한계미만
2014-10-14,하천,강정고령보,고령광역취수장,2014.10.14,,,,,,,60.0,0.0,0.0,0.0,0.0,정량한계미만,정량한계미만,정량한계미만
2014-10-20,하천,강정고령보,고령광역취수장,2014.10.20,,,,,,,2460.0,0.0,0.0,0.0,0.0,정량한계미만,정량한계미만,정량한계미만
2014-10-27,하천,강정고령보,고령광역취수장,2014.10.27,,,,,,,470.0,0.0,0.0,0.0,0.0,정량한계미만,정량한계미만,정량한계미만
2014-11-03,하천,강정고령보,고령광역취수장,2014.11.03,,,,,,,0.0,0.0,0.0,0.0,0.0,정량한계미만,정량한계미만,정량한계미만
2014-11-10,하천,강정고령보,고령광역취수장,2014.11.10,,,,,,,0.0,0.0,0.0,0.0,0.0,정량한계미만,정량한계미만,정량한계미만
2014-11-17,하천,강정고령보,고령광역취수장,2014.11.17,,,,,,,0.0,0.0,0.0,0.0,0.0,정량한계미만,정량한계미만,정량한계미만
2014-11-24,하천,강정고령보,고령광역취수장,2014.11.24,,,,,,,0.0,0.0,0.0,0.0,0.0,정량한계미만,정량한계미만,정량한계미만
2014-12-01,하천,강정고령보,고령광역취수장,2014.12.01,,,,,,,0.0,0.0,0.0,0.0,0.0,정량한계미만,정량한계미만,정량한계미만
2014-12-09,하천,강정고령보,고령광역취수장,2014.12.09,,,,,,,0.0,0.0,0.0,0.0,0.0,정량한계미만,정량한계미만,정량한계미만
2014-12-15,하천,강정고령보,고령광역취수장,2014.12.15,,,,,,,0.0,0.0,0.0,0.0,0.0,정량한계미만,정량한계미만,정량한계미만
2014-12-22,하천,강정고령보,고령광역취수장,2014.12.22,,,,,,,0.0,0.0,0.0,0.0,0.0,정량한계미만,정량한계미만,정량한계미만
2015-01-05,하천,강정고령보,다사,2015.01.05,2.5,9.0,17.4,,,32.5,0.0,,,,,정량한계미만,정량한계미만,
2015-01-12,하천,강정고령보,다사,2015.01.12,2.6,7.9,15.6,,,20.2,0.0,,,,,정량한계미만,정량한계미만,
2015-01-19,하천,강정고령보,다사,2015.01.19,2.9,7.8,15.3,,,14.3,0.0,,,,,정량한계미만,정량한계미만,
2015-01-26,하천,강정고령보,다사,2015.01.26,3.2,7.7,16.4,,,21.1,0.0,,,,,정량한계미만,정량한계미만,
2015-02-02,하천,강정고령보,다사,2015.02.02,3.3,7.9,15.7,,,25.5,0.0,,,,,정량한계미만,정량한계미만,
2015-02-09,하천,강정고령보,다사,2015.02.09,3.3,7.8,15.8,,,25.1,0.0,,,,,정량한계미만,정량한계미만,
2015-02-16,하천,강정고령보,다사,2015.02.16,3.8,8.1,13.5,,,23.4,0.0,,,,,4,정량한계미만,
2015-02-23,하천,강정고령보,다사,2015.02.23,4.5,8.4,14.6,,,17.2,0.0,,,,,5,정량한계미만,
2015-03-02,하천,강정고령보,다사,2015.03.02,5.1,7.8,14.3,,,16.6,0.0,,,,,6,정량한계미만,
2015-03-09,하천,강정고령보,다사,2015.03.09,5.6,8.0,14.8,,,16.6,0.0,,,,,7,정량한계미만,
2015-03-16,하천,강정고령보,다사,2015.03.16,6.3,7.3,14.7,,,15.2,0.0,,,,,5,정량한계미만,
2015-03-23,하천,강정고령보,다사,2015.03.23,8.4,8.1,13.6,,,17.7,0.0,,,,,10,정량한계미만,
2015-03-30,하천,강정고령보,다사,2015.03.30,10.3,8.5,11.9,,,14.5,0.0,,,,,9,정량한계미만,
2015-04-06,하천,강정고령보,다사,2015.04.06,11.6,8.0,11.0,,,9.1,0.0,,,,,9,정량한계미만,
2015-04-13,하천,강정고령보,다사,2015.04.13,12.8,8.0,11.3,,,14.5,0.0,,,,,12,정량한계미만,
2015-04-20,하천,강정고령보,다사,2015.04.20,13.4,7.7,10.1,,,13.2,285.0,,,,,15,정량한계미만,
2015-04-27,하천,강정고령보,다사,2015.04.27,15.3,8.2,12.4,,,14.6,10.0,,,,,12,정량한계미만,
2015-05-04,하천,강정고령보,다사,2015.05.04,16.9,7.9,9.7,,,15.4,89.0,,,,,10,정량한계미만,
2015-05-11,하천,강정고령보,다사,2015.05.11,17.3,7.9,8.1,,,11.9,0.0,,,,,7,정량한계미만,
2015-05-18,하천,강정고령보,다사,2015.05.18,19.2,8.1,7.9,,,10.6,230.0,,,,,9,정량한계미만,
2015-05-26,하천,강정고령보,다사,2015.05.26,20.4,8.0,6.2,,,4.7,774.0,,,,,36,정량한계미만,
2015-06-01,하천,강정고령보,다사,2015.06.01,20.6,8.0,5.7,,,7.5,318.0,,,,,134,정량한계미만,
2015-06-08,하천,강정고령보,다사,2015.06.08,20.3,7.7,4.4,,,7.8,2078.0,,,,,354,정량한계미만,
2015-06-15,하천,강정고령보,다사,2015.06.15,21.9,7.8,4.9,,,18.0,6377.0,,,,,13,정량한계미만,
2015-06-17,하천,강정고령보,다사,2015.06.17,21.4,8.0,4.0,,,9.0,4332.0,,,,,13,정량한계미만,
2015-06-22,하천,강정고령보,다사,2015.06.22,22.3,8.0,7.2,,,23.4,11120.0,,,,,20,정량한계미만,
2015-06-25,하천,강정고령보,다사,2015.06.25,21.9,8.5,6.8,,,22.2,2775.0,,,,,9,정량한계미만,
2015-06-29,하천,강정고령보,다사,2015.06.29,23.6,7.9,6.1,,,13.9,27820.0,,,,,10,정량한계미만,
2015-07-02,하천,강정고령보,다사,2015.07.02,23.1,8.6,5.2,,,15.0,17692.0,,,,,5,정량한계미만,
2015-07-07,하천,강정고령보,다사,2015.07.07,23.9,7.7,4.0,,,4.3,1335.0,,,,,정량한계미만,정량한계미만,
2015-07-14,하천,강정고령보,다사,2015.07.14,23.9,7.3,7.3,,,3.1,50.0,,,,,7,정량한계미만,
2015-07-20,하천,강정고령보,다사,2015.07.20,24.2,7.1,6.3,,,9.0,0.0,,,,,정량한계미만,12,
2015-07-27,하천,강정고령보,다사,2015.07.27,25.3,7.8,5.2,,,28.1,11188.0,,,,,4,11,
2015-07-30,하천,강정고령보,다사,2015.07.30,26.2,8.6,6.4,,,11.7,64800.0,,,,,6,11,
2015-08-03,하천,강정고령보,다사,2015.08.03,26.7,7.7,4.5,,,7.9,9130.0,,,,,9,6,
2015-08-06,하천,강정고령보,다사,2015.08.06,27.4,8.7,5.7,,,7.6,45510.0,,,,,8,22,
2015-08-10,하천,강정고령보,다사,2015.08.10,28.0,8.2,5.5,,,5.0,5800.0,,,,,6,15,
2015-08-13,하천,강정고령보,다사,2015.08.13,27.8,8.5,5.1,,,4.8,3338.0,,,,,5,16,
2015-08-17,하천,강정고령보,다사,2015.08.17,27.1,7.9,4.7,,,5.3,6550.0,,,,,5,17,
2015-08-20,하천,강정고령보,다사,2015.08.20,26.5,8.1,3.7,,,5.3,11792.0,,,,,5,14,
2015-08-24,하천,강정고령보,다사,2015.08.24,26.3,7.6,3.1,,,4.7,33570.0,,,,,6,12,
2015-08-27,하천,강정고령보,다사,2015.08.27,26.0,8.1,4.4,,,5.2,30950.0,,,,,6,9,
2015-08-31,하천,강정고령보,다사,2015.08.31,25.5,7.8,5.0,,,8.1,61000.0,,,,,정량한계미만,정량한계미만,
2015-09-03,하천,강정고령보,다사,2015.09.03,25.9,8.1,5.1,,,7.4,122333.0,,,,,정량한계미만,3,
2015-09-07,하천,강정고령보,다사,2015.09.07,25.3,7.9,5.4,,,13.4,24070.0,,,,,4,13,
2015-09-10,하천,강정고령보,다사,2015.09.10,24.8,7.9,6.5,,,10.4,261219.0,,,,,정량한계미만,12,
2015-09-14,하천,강정고령보,다사,2015.09.14,24.3,7.8,7.9,,,12.9,53120.0,,,,,7,29,
2015-09-17,하천,강정고령보,다사,2015.09.17,23.4,7.8,6.6,,,11.9,27780.0,,,,,9,31,
2015-09-21,하천,강정고령보,다사,2015.09.21,23.5,8.0,7.6,,,10.4,158249.0,,,,,12,33,
2015-09-24,하천,강정고령보,다사,2015.09.24,23.4,8.3,9.1,,,31.7,28839.0,,,,,정량한계미만,40,
2015-09-30,하천,강정고령보,다사,2015.09.30,22.7,7.6,6.8,,,21.1,8050.0,,,,,정량한계미만,44,
2015-10-05,하천,강정고령보,다사,2015.10.05,22.1,7.8,7.6,,,12.3,7284.0,,,,,7,48,
2015-10-12,하천,강정고령보,다사,2015.10.12,20.7,8.1,8.8,,,20.3,2830.0,,,,,23,45,
2015-10-19,하천,강정고령보,다사,2015.10.19,19.8,8.4,10.4,,,12.8,20070.0,,,,,12,41,
2015-10-22,하천,강정고령보,다사,2015.10.22,19.5,8.3,8.0,,,6.5,4810.0,,,,,7,38,
2015-10-26,하천,강정고령보,다사,2015.10.26,19.2,8.2,8.9,,,9.4,7000.0,,,,,7,39,
2015-11-02,하천,강정고령보,다사,2015.11.02,17.0,8.0,8.3,,,13.3,8130.0,,,,,정량한계미만,18,
2015-11-09,하천,강정고령보,다사,2015.11.09,15.8,7.8,9.1,,,9.7,8160.0,,,,,6,15,
2015-11-16,하천,강정고령보,다사,2015.11.16,15.2,7.8,9.6,,,7.6,3500.0,,,,,5,7,
2015-11-23,하천,강정고령보,다사,2015.11.23,14.4,7.6,9.4,,,6.2,1936.0,,,,,8,10,
2015-11-30,하천,강정고령보,다사,2015.11.30,12.2,7.3,9.0,,,7.9,2848.0,,,,,10,10,
2015-12-07,하천,강정고령보,다사,2015.12.07,10.2,7.7,11.3,,,15.4,9209.0,,,,,11,7,
2015-12-14,하천,강정고령보,다사,2015.12.14,9.4,7.7,12.2,,,11.0,3360.0,,,,,7,3,
2015-12-21,하천,강정고령보,다사,2015.12.21,7.6,7.5,11.8,,,4.6,3320.0,,,,,7,정량한계미만,
2015-12-28,하천,강정고령보,다사,2015.12.28,6.7,7.7,13.4,,,6.3,2525.0,,,,,7,6,
2014-12-29,하천,강정고령보,고령광역취수장,2014.12.29,,,,,,,0.0,0.0,0.0,0.0,0.0,,,
2015-01-05,하천,강정고령보,고령광역취수장,2015.01.05,,,,,,,0.0,0.0,0.0,0.0,0.0,,,
2015-01-12,하천,강정고령보,고령광역취수장,2015.01.12,,,,,,,0.0,0.0,0.0,0.0,0.0,,,
2015-01-19,하천,강정고령보,고령광역취수장,2015.01.19,,,,,,,0.0,0.0,0.0,0.0,0.0,,,
2015-01-26,하천,강정고령보,고령광역취수장,2015.01.26,,,,,,,0.0,0.0,0.0,0.0,0.0,,,
2015-02-02,하천,강정고령보,고령광역취수장,2015.02.02,,,,,,,0.0,0.0,0.0,0.0,0.0,정량한계미만,정량한계미만,정량한계미만
2015-02-09,하천,강정고령보,고령광역취수장,2015.02.09,,,,,,,0.0,0.0,0.0,0.0,0.0,정량한계미만,정량한계미만,정량한계미만
2015-02-16,하천,강정고령보,고령광역취수장,2015.02.16,,,,,,,0.0,0.0,0.0,0.0,0.0,3,정량한계미만,정량한계미만
2015-02-23,하천,강정고령보,고령광역취수장,2015.02.23,,,,,,,0.0,0.0,0.0,0.0,0.0,5,정량한계미만,정량한계미만
2015-03-02,하천,강정고령보,고령광역취수장,2015.03.02,,,,,,,0.0,0.0,0.0,0.0,0.0,6,정량한계미만,정량한계미만
2015-03-09,하천,강정고령보,고령광역취수장,2015.03.09,,,,,,,0.0,0.0,0.0,0.0,0.0,5,정량한계미만,정량한계미만
2015-03-16,하천,강정고령보,고령광역취수장,2015.03.16,,,,,,,0.0,0.0,0.0,0.0,0.0,4,정량한계미만,정량한계미만
2015-03-23,하천,강정고령보,고령광역취수장,2015.03.23,,,,,,,0.0,0.0,0.0,0.0,0.0,6,정량한계미만,정량한계미만
2015-03-30,하천,강정고령보,고령광역취수장,2015.03.30,,,,,,,0.0,0.0,0.0,0.0,0.0,6,정량한계미만,정량한계미만
2015-04-06,하천,강정고령보,고령광역취수장,2015.04.06,,,,,,,0.0,0.0,0.0,0.0,0.0,9,정량한계미만,정량한계미만
2015-04-13,하천,강정고령보,고령광역취수장,2015.04.13,,,,,,,0.0,0.0,0.0,0.0,0.0,11,정량한계미만,정량한계미만
2015-04-20,하천,강정고령보,고령광역취수장,2015.04.20,,,,,,,265.0,0.0,0.0,0.0,265.0,10,정량한계미만,정량한계미만
2015-04-27,하천,강정고령보,고령광역취수장,2015.04.27,,,,,,,331.0,0.0,0.0,0.0,331.0,9,정량한계미만,정량한계미만
2015-05-04,하천,강정고령보,고령광역취수장,2015.05.04,,,,,,,86.0,0.0,0.0,0.0,86.0,9,정량한계미만,정량한계미만
2015-05-11,하천,강정고령보,고령광역취수장,2015.05.11,,,,,,,0.0,0.0,0.0,0.0,0.0,8,정량한계미만,정량한계미만
2015-05-18,하천,강정고령보,고령광역취수장,2015.05.18,,,,,,,58.0,0.0,58.0,0.0,0.0,11,정량한계미만,정량한계미만
2015-05-26,하천,강정고령보,고령광역취수장,2015.05.26,,,,,,,478.0,65.0,413.0,0.0,0.0,14,정량한계미만,정량한계미만
2015-06-01,하천,강정고령보,고령광역취수장,2015.06.01,,,,,,,409.0,91.0,182.0,0.0,136.0,88,정량한계미만,정량한계미만
2015-06-08,하천,강정고령보,고령광역취수장,2015.06.08,,,,,,,4035.0,129.0,3268.0,0.0,638.0,736,정량한계미만,정량한계미만
2015-06-15,하천,강정고령보,고령광역취수장,2015.06.15,,,,,,,6792.0,1885.0,3495.0,0.0,1412.0,65,정량한계미만,정량한계미만
2015-06-22,하천,강정고령보,고령광역취수장,2015.06.22,,,,,,,18284.0,13158.0,2000.0,0.0,3126.0,32,정량한계미만,정량한계미만
2015-06-29,하천,강정고령보,고령광역취수장,2015.06.29,,,,,,,21982.0,17240.0,3186.0,0.0,1556.0,14,정량한계미만,정량한계미만
2015-07-06,하천,강정고령보,고령광역취수장,2015.07.06,,,,,,,23842.0,20794.0,2874.0,0.0,174.0,정량한계미만,정량한계미만,정량한계미만
2015-07-13,하천,강정고령보,고령광역취수장,2015.07.13,,,,,,,259.0,172.0,73.0,14.0,0.0,정량한계미만,정량한계미만,정량한계미만
2015-07-20,하천,강정고령보,고령광역취수장,2015.07.20,,,,,,,5015.0,5015.0,0.0,0.0,0.0,정량한계미만,정량한계미만,정량한계미만
2015-07-27,하천,강정고령보,고령광역취수장,2015.07.27,,,,,,,11902.0,11860.0,0.0,0.0,42.0,4,5,정량한계미만
2015-08-03,하천,강정고령보,고령광역취수장,2015.08.03,,,,,,,7087.0,6905.0,0.0,0.0,182.0,9,9,정량한계미만
2015-08-10,하천,강정고령보,고령광역취수장,2015.08.10,,,,,,,6230.0,5772.0,0.0,0.0,458.0,10,20,정량한계미만
2015-08-17,하천,강정고령보,고령광역취수장,2015.08.17,,,,,,,13180.0,13180.0,0.0,0.0,0.0,6,23,정량한계미만
2015-08-24,하천,강정고령보,고령광역취수장,2015.08.24,,,,,,,63185.0,62983.0,0.0,0.0,202.0,7,22,정량한계미만
2015-08-31,하천,강정고령보,고령광역취수장,2015.08.31,,,,,,,126424.0,125469.0,0.0,0.0,955.0,정량한계미만,7,정량한계미만
2015-09-07,하천,강정고령보,고령광역취수장,2015.09.07,,,,,,,21732.0,21582.0,42.0,0.0,108.0,4,21,정량한계미만
2015-09-14,하천,강정고령보,고령광역취수장,2015.09.14,,,,,,,81533.0,81470.0,0.0,0.0,63.0,7,26,정량한계미만
2015-09-21,하천,강정고령보,고령광역취수장,2015.09.21,,,,,,,11552.0,11484.0,0.0,0.0,68.0,10,47,정량한계미만
2015-09-30,하천,강정고령보,고령광역취수장,2015.09.30,,,,,,,16569.0,16180.0,0.0,0.0,389.0,5,34,정량한계미만
2015-10-05,하천,강정고령보,고령광역취수장,2015.10.05,,,,,,,14166.0,14058.0,18.0,90.0,0.0,6,31,정량한계미만
2015-10-12,하천,강정고령보,고령광역취수장,2015.10.12,,,,,,,9069.0,8910.0,53.0,0.0,106.0,5,25,정량한계미만
2015-10-19,하천,강정고령보,고령광역취수장,2015.10.19,,,,,,,18504.0,18420.0,28.0,0.0,56.0,7,26,정량한계미만
2015-10-26,하천,강정고령보,고령광역취수장,2015.10.26,,,,,,,8660.0,8450.0,0.0,124.0,86.0,8,24,정량한계미만
2015-11-02,하천,강정고령보,고령광역취수장,2015.11.02,,,,,,,13018.0,12870.0,0.0,0.0,148.0,정량한계미만,11,정량한계미만
2015-11-09,하천,강정고령보,고령광역취수장,2015.11.09,,,,,,,4278.0,4060.0,0.0,0.0,218.0,6,13,정량한계미만
2015-11-16,하천,강정고령보,고령광역취수장,2015.11.16,,,,,,,42819.0,39410.0,324.0,0.0,3085.0,7,15,정량한계미만
2015-11-23,하천,강정고령보,고령광역취수장,2015.11.23,,,,,,,7164.0,4180.0,34.0,0.0,2950.0,10,11,정량한계미만
2015-11-30,하천,강정고령보,고령광역취수장,2015.11.30,,,,,,,18830.0,4150.0,0.0,0.0,14680.0,4,6,정량한계미만
2015-12-07,하천,강정고령보,고령광역취수장,2015.12.07,,,,,,,58300.0,6430.0,0.0,0.0,51870.0,6,4,정량한계미만
2015-12-14,하천,강정고령보,고령광역취수장,2015.12.14,,,,,,,9670.0,160.0,0.0,0.0,9510.0,6,정량한계미만,정량한계미만
2015-12-21,하천,강정고령보,고령광역취수장,2015.12.21,,,,,,,7270.0,140.0,0.0,0.0,7130.0,6,3,정량한계미만
2015-12-28,하천,강정고령보,고령광역취수장,2015.12.28,,,,,,,1740.0,0.0,0.0,0.0,1740.0,8,정량한계미만,정량한계미만
2016-01-04,하천,강정고령보,다사,2016.01.04,5.5,7.9,13.5,,,8.1,1890.0,,,,,9,정량한계미만,
2016-01-11,하천,강정고령보,다사,2016.01.11,4.8,8.1,13.9,,,10.7,1160.0,,,,,9,정량한계미만,
2016-01-20,하천,강정고령보,다사,2016.01.20,3.0,8.1,11.8,,,12.0,48.0,,,,,6,정량한계미만,
2016-01-26,하천,강정고령보,다사,2016.01.26,,,,,,,,,,,,,,
2016-02-01,하천,강정고령보,다사,2016.02.01,,,,,,,,,,,,,,
2016-02-11,하천,강정고령보,다사,2016.02.11,,,,,,,,,,,,,,
2016-02-15,하천,강정고령보,다사,2016.02.15,4.0,8.0,13.4,,,15.8,0.0,,,,,8,정량한계미만,
2016-02-22,하천,강정고령보,다사,2016.02.22,4.5,8.0,13.5,,,17.4,0.0,,,,,5,정량한계미만,
2016-02-29,하천,강정고령보,다사,2016.02.29,5.0,8.0,16.5,,,14.1,0.0,,,,,8,5,
2016-03-07,하천,강정고령보,다사,2016.03.07,6.0,7.9,14.0,,,13.1,0.0,,,,,14,정량한계미만,
2016-03-14,하천,강정고령보,다사,2016.03.14,7.1,8.2,16.2,,,24.4,0.0,,,,,9,정량한계미만,
2016-03-21,하천,강정고령보,다사,2016.03.21,8.5,8.1,13.0,,,19.0,0.0,,,,,10,정량한계미만,
2016-03-28,하천,강정고령보,다사,2016.03.28,10.6,8.3,12.8,,,11.8,0.0,,,,,12,정량한계미만,
2016-04-04,하천,강정고령보,다사,2016.04.04,10.5,7.8,10.8,,,12.3,0.0,,,,,12,정량한계미만,
2016-04-11,하천,강정고령보,다사,2016.04.11,11.5,7.7,9.8,,,13.0,0.0,,,,,11,정량한계미만,
2016-04-18,하천,강정고령보,다사,2016.04.18,14.3,7.8,9.0,,,11.3,46.0,,,,,10,정량한계미만,
2016-04-25,하천,강정고령보,다사,2016.04.25,15.9,7.9,10.8,,,14.7,24.0,,,,,4,정량한계미만,
2016-05-02,하천,강정고령보,다사,2016.05.02,16.6,8.2,9.7,,,25.5,34.0,,,,,정량한계미만,정량한계미만,
2016-05-09,하천,강정고령보,다사,2016.05.09,18.5,8.8,12.0,,,43.0,211.0,,,,,정량한계미만,정량한계미만,
2016-05-16,하천,강정고령보,다사,2016.05.16,18.9,8.5,9.0,,,20.3,503.0,,,,,4,정량한계미만,
2016-05-23,하천,강정고령보,다사,2016.05.23,20.1,8.6,9.0,,,4.6,4050.0,,,,,3,정량한계미만,
2016-05-30,하천,강정고령보,다사,2016.05.30,21.2,8.3,6.6,,,4.7,6200.0,,,,,7,정량한계미만,
2016-06-07,하천,강정고령보,다사,2016.06.07,22.1,7.6,5.8,,,7.9,3951.0,,,,,9,정량한계미만,
2016-06-13,하천,강정고령보,다사,2016.06.13,22.5,7.9,5.3,,,7.5,16328.0,,,,,94,4,
2016-06-20,하천,강정고령보,다사,2016.06.20,23.5,7.8,4.9,,,8.3,4040.0,,,,,111,5,
2016-06-27,하천,강정고령보,다사,2016.06.27,25.1,7.7,7.1,,,8.4,2921.0,,,,,38,9,
2016-07-04,하천,강정고령보,다사,2016.07.04,25.4,7.3,7.5,,,7.3,3022.0,,,,,12,12,
2016-07-11,하천,강정고령보,다사,2016.07.11,23.0,6.7,9.2,,,2.2,473.0,,,,,4,정량한계미만,
2016-07-18,하천,강정고령보,다사,2016.07.18,25.0,7.3,7.6,,,9.6,554.0,,,,,3,정량한계미만,
2016-07-25,하천,강정고령보,다사,2016.07.25,26.2,7.5,6.2,,,11.3,2622.0,,,,,14,4,
2016-08-01,하천,강정고령보,다사,2016.08.01,27.7,8.0,4.8,,,19.8,4618.0,,,,,5,5,
2016-08-08,하천,강정고령보,다사,2016.08.08,27.8,7.8,2.9,,,48.8,5104.0,,,,,정량한계미만,14,
2016-08-17,하천,강정고령보,다사,2016.08.17,29.4,8.3,4.2,,,7.8,5987.0,,,,,정량한계미만,13,
2016-08-22,하천,강정고령보,다사,2016.08.22,29.3,8.0,3.5,,,5.7,1140.0,,,,,정량한계미만,16,
2016-08-29,하천,강정고령보,다사,2016.08.29,27.5,7.8,5.0,,,9.0,1179.0,,,,,4,25,
2016-09-05,하천,강정고령보,다사,2016.09.05,25.1,7.8,6.5,,,16.5,786.0,,,,,정량한계미만,17,
2016-09-12,하천,강정고령보,다사,2016.09.12,25.1,7.8,6.3,,,25.3,3209.0,,,,,정량한계미만,9,
2016-09-19,하천,강정고령보,다사,2016.09.19,22.4,7.4,7.4,,,7.1,57.0,,,,,정량한계미만,3,
2016-09-26,하천,강정고령보,다사,2016.09.26,21.7,7.5,8.2,,,8.2,507.0,,,,,3,정량한계미만,
2016-10-04,하천,강정고령보,다사,2016.10.04,21.6,7.4,6.8,,,8.5,1232.0,,,,,정량한계미만,정량한계미만,
2016-10-10,하천,강정고령보,다사,2016.10.10,20.0,7.5,8.4,,,7.7,231.0,,,,,4,정량한계미만,
2016-10-17,하천,강정고령보,다사,2016.10.17,19.0,7.5,8.9,,,11.4,164.0,,,,,3,정량한계미만,
2016-10-24,하천,강정고령보,다사,2016.10.24,18.5,7.8,9.7,,,37.3,40.0,,,,,5,4,
2016-10-31,하천,강정고령보,다사,2016.10.31,17.2,8.2,10.4,,,40.4,0.0,,,,,6,6,
2016-11-07,하천,강정고령보,다사,2016.11.07,14.5,8.3,10.2,,,40.1,61.0,,,,,6,4,
2016-11-14,하천,강정고령보,다사,2016.11.14,13.3,8.7,11.3,,,12.6,599.0,,,,,9,정량한계미만,
2016-11-21,하천,강정고령보,다사,2016.11.21,12.8,8.3,10.5,,,7.7,441.0,,,,,7,5,
2016-11-28,하천,강정고령보,다사,2016.11.28,10.3,8.4,12.9,,,17.2,56.0,,,,,7,17,
2016-12-05,하천,강정고령보,다사,2016.12.05,8.8,8.4,12.4,,,13.2,0.0,,,,,5,9,
2016-12-12,하천,강정고령보,다사,2016.12.12,7.2,8.4,11.9,,,10.7,0.0,,,,,7,7,
2016-12-19,하천,강정고령보,다사,2016.12.19,6.1,7.7,12.3,,,10.7,0.0,,,,,6,3,
2016-12-26,하천,강정고령보,다사,2016.12.26,5.9,7.7,10.7,,,9.8,0.0,,,,,6,정량한계미만,
2017-01-02,하천,강정고령보,다사,2017.01.02,4.9,7.8,12.3,,,12.5,0.0,,,,,9,정량한계미만,
2017-01-09,하천,강정고령보,다사,2017.01.09,4.9,7.6,13.5,,,14.8,0.0,,,,,7,3,
2017-01-16,하천,강정고령보,다사,2017.01.16,3.7,7.9,14.2,,,12.6,0.0,,,,,9,정량한계미만,
2017-01-23,하천,강정고령보,다사,2017.01.23,2.9,7.6,14.8,,,15.2,0.0,,,,,4,정량한계미만,
2017-01-31,하천,강정고령보,다사,2017.01.31,2.9,8.1,14.1,,,17.7,0.0,,,,,7,정량한계미만,
2017-02-06,하천,강정고령보,다사,2017.02.06,3.6,8.0,15.9,,,10.3,0.0,,,,,8,9,
2017-02-13,하천,강정고령보,다사,2017.02.13,3.2,7.7,14.1,,,7.6,0.0,,,,,11,6,
2017-02-20,하천,강정고령보,다사,2017.02.20,4.2,7.6,13.0,,,8.0,0.0,,,,,11,9,
2017-02-27,하천,강정고령보,다사,2017.02.27,4.7,7.6,12.1,,,10.0,0.0,,,,,9,정량한계미만,
2017-03-07,하천,강정고령보,다사,2017.03.07,6.0,8.0,12.6,,,16.1,0.0,,,,,11,정량한계미만,
2017-03-13,하천,강정고령보,다사,2017.03.13,7.1,8.0,12.4,,,14.3,0.0,,,,,12,정량한계미만,
2017-03-20,하천,강정고령보,다사,2017.03.20,8.8,8.0,12.3,,,10.0,0.0,,,,,16,4,
2017-03-27,하천,강정고령보,다사,2017.03.27,9.8,7.9,11.6,,,8.1,0.0,,,,,13,7,
2017-04-03,하천,강정고령보,다사,2017.04.03,10.6,7.9,10.5,,,9.8,0.0,,,,,14,정량한계미만,
2017-04-10,하천,강정고령보,다사,2017.04.10,12.1,7.7,10.5,,,14.2,0.0,,,,,15,6,
2017-04-18,하천,강정고령보,다사,2017.04.18,13.7,7.8,9.5,,,19.6,0.0,,,,,18,5,
2017-04-24,하천,강정고령보,다사,2017.04.24,15.2,7.9,9.4,,,14.3,0.0,,,,,24,12,
2017-05-02,하천,강정고령보,다사,2017.05.02,17.0,7.8,10.1,,,7.1,0.0,,,,,9,7,
2017-05-08,하천,강정고령보,다사,2017.05.08,18.5,8.2,9.4,,,4.8,0.0,,,,,9,5,
2017-05-15,하천,강정고령보,다사,2017.05.15,19.0,7.8,8.0,,,1.6,0.0,,,,,8,4,
2017-05-22,하천,강정고령보,다사,2017.05.22,21.0,8.2,9.2,,,7.4,182.0,,,,,8,4,
2017-05-29,하천,강정고령보,다사,2017.05.29,20.8,8.1,6.5,,,6.6,2997.0,,,,,8,7,
2017-06-05,하천,강정고령보,다사,2017.06.05,22.7,8.4,8.8,,,16.3,24949.0,,,,,13,정량한계미만,
2017-06-12,하천,강정고령보,다사,2017.06.12,21.3,8.1,6.1,,,18.4,69140.0,,,,,59,정량한계미만,
2017-06-19,하천,강정고령보,다사,2017.06.19,21.7,8.2,4.2,,,6.8,37434.0,,,,,121,14,
2017-06-26,하천,강정고령보,다사,2017.06.26,23.4,8.4,4.7,,,10.8,15617.0,,,,,38,4,
2017-07-03,하천,강정고령보,다사,2017.07.03,24.4,7.8,3.2,,,4.5,5712.0,,,,,32,12,
2017-07-10,하천,강정고령보,다사,2017.07.10,26.4,7.8,6.5,,,12.0,7130.0,,,,,15,10,
2017-07-17,하천,강정고령보,다사,2017.07.17,27.3,7.7,7.1,,,18.7,2117.0,,,,,11,정량한계미만,
2017-07-24,하천,강정고령보,다사,2017.07.24,26.5,7.9,4.6,,,6.1,17129.0,,,,,25,정량한계미만,
2017-07-31,하천,강정고령보,다사,2017.07.31,25.5,7.7,8.7,,,11.8,1394.0,,,,,7,정량한계미만,
2017-08-07,하천,강정고령보,다사,2017.08.07,26.4,8.3,8.5,,,17.0,11805.0,,,,,10,7,
2017-08-16,하천,강정고령보,다사,2017.08.16,26.5,7.7,7.5,,,7.3,175.0,,,,,51,5,
2017-08-21,하천,강정고령보,다사,2017.08.21,25.1,7.7,8.2,,,10.7,1905.0,,,,,10,5,
2017-08-28,하천,강정고령보,다사,2017.08.28,26.7,8.1,8.3,,,14.0,975.0,,,,,15,5,
2017-09-04,하천,강정고령보,다사,2017.09.04,25.2,8.0,7.4,,,9.3,14180.0,,,,,3,5,
2017-09-12,하천,강정고령보,다사,2017.09.12,24.9,8.4,8.9,,,12.8,895.0,,,,,4,4,
2017-09-18,하천,강정고령보,다사,2017.09.18,23.7,8.2,7.9,,,13.8,7900.0,,,,,4,6,
2017-09-25,하천,강정고령보,다사,2017.09.25,23.3,9.3,11.3,,,29.9,9060.0,,,,,3,5,
2017-10-10,하천,강정고령보,다사,2017.10.10,21.5,8.9,11.5,,,15.3,9572.0,,,,,12,6,
2017-10-16,하천,강정고령보,다사,2017.10.16,19.9,8.5,9.2,,,21.3,2540.0,,,,,5,8,
2017-10-23,하천,강정고령보,다사,2017.10.23,18.4,8.8,9.9,,,21.5,2957.0,,,,,5,정량한계미만,
2017-10-30,하천,강정고령보,다사,2017.10.30,17.0,8.9,10.1,,,21.1,3257.0,,,,,5,6,
2017-11-06,하천,강정고령보,다사,2017.11.06,15.4,8.9,10.4,,,23.4,2570.0,,,,,8,7,
2017-11-13,하천,강정고령보,다사,2017.11.13,13.9,8.8,8.8,,,13.9,2224.0,,,,,6,14,
2017-11-20,하천,강정고령보,다사,2017.11.20,11.2,8.8,10.5,,,11.8,1514.0,,,,,6,6,
2017-11-27,하천,강정고령보,다사,2017.11.27,9.1,8.0,10.5,,,4.3,436.0,,,,,6,9,
2017-12-04,하천,강정고령보,다사,2017.12.04,7.6,8.2,11.0,,,4.1,353.0,,,,,10,6,
2017-12-11,하천,강정고령보,다사,2017.12.11,5.9,8.2,13.0,,,9.7,102.0,,,,,9,정량한계미만,
2017-12-18,하천,강정고령보,다사,2017.12.18,3.3,8.1,13.7,,,12.3,203.0,,,,,12,4,
2017-12-26,하천,강정고령보,다사,2017.12.26,3.1,8.1,12.9,,,12.4,168.0,,,,,5,정량한계미만,
2018-01-02,하천,강정고령보,다사,2018.01.02,2.8,7.9,13.3,,,11.3,0.0,,,,,5,정량한계미만,
2018-01-08,하천,강정고령보,다사,2018.01.08,2.9,8.1,13.8,,,13.3,0.0,,,,,정량한계미만,정량한계미만,
2018-01-15,하천,강정고령보,다사,2018.01.15,,,,,,,,,,,,,,
2018-01-22,하천,강정고령보,다사,2018.01.22,3.4,8.1,16.6,,,14.8,42.0,,,,,5,정량한계미만,
2018-01-29,하천,강정고령보,다사,2018.01.29,,,,,,,,,,,,,,
2018-02-05,하천,강정고령보,다사,2018.02.05,,,,,,,,,,,,,,
2018-02-12,하천,강정고령보,다사,2018.02.12,,,,,,,,,,,,,,
2018-02-19,하천,강정고령보,다사,2018.02.19,3.8,7.8,10.5,,,17,0.0,,,,,6,정량한계미만,
2018-02-26,하천,강정고령보,다사,2018.02.26,,,,,,,,,,,,,,
2018-03-06,하천,강정고령보,다사,2018.03.06,6.2,8.2,15.2,,,42.2,0.0,,,,,12,정량한계미만,
2018-03-12,하천,강정고령보,다사,2018.03.12,7.2,8.4,15.7,,,40.6,0.0,,,,,8,6,
2018-03-20,하천,강정고령보,다사,2018.03.20,9.1,8.3,12.5,,,32.5,0.0,,,,,11,12,
2018-03-26,하천,강정고령보,다사,2018.03.26,9.7,8.0,13.3,,,34.4,72.0,,,,,10,정량한계미만,
2018-04-02,하천,강정고령보,다사,2018.04.02,12.3,8.7,10.9,,,28.9,238.0,,,,,14,정량한계미만,
2018-04-09,하천,강정고령보,다사,2018.04.09,12.2,7.8,10.2,,,17.6,148.0,,,,,10,정량한계미만,
2018-04-16,하천,강정고령보,다사,2018.04.16,13.8,8.2,12.0,,,32.1,178.0,,,,,13,정량한계미만,
2018-04-24,하천,강정고령보,다사,2018.04.24,15.4,8.3,10.7,,,29.2,413.0,,,,,13,5,
2018-04-30,하천,강정고령보,다사,2018.04.30,16.4,8.3,11.7,,,35.5,301.0,,,,,8,정량한계미만,
2018-05-08,하천,강정고령보,다사,2018.05.08,17.9,8.4,10.3,,,47,79.0,,,,,9,정량한계미만,
2018-05-14,하천,강정고령보,다사,2018.05.14,18.6,8.6,13.4,,,35.5,148.0,,,,,7,정량한계미만,
2018-05-23,하천,강정고령보,다사,2018.05.23,20.0,8.5,11.1,,,38.2,115.0,,,,,6,정량한계미만,
2018-05-28,하천,강정고령보,다사,2018.05.28,20.6,8.2,9.0,,,36.8,980.0,,,,,7,정량한계미만,
2018-06-04,하천,강정고령보,다사,2018.06.04,22.6,8.2,7.1,,,7.3,375.0,,,,,9,정량한계미만,
2018-06-11,하천,강정고령보,다사,2018.06.11,23.0,7.8,5.4,,,4.5,593.0,,,,,8,정량한계미만,
2018-06-18,하천,강정고령보,다사,2018.06.18,23.6,7.9,7.8,,,7.8,110431.0,,,,,15,정량한계미만,
2018-06-25,하천,강정고령보,다사,2018.06.25,24.5,7.9,6.5,,,6.6,17150.0,,,,,26,3,
2018-07-06,하천,강정고령보,다사,2018.07.06,,,,,,,,,,,,,,
2018-07-09,하천,강정고령보,다사,2018.07.09,22.5,7.3,9.3,,,5.7,366.0,,,,,5,정량한계미만,
2018-07-16,하천,강정고령보,다사,2018.07.16,24.5,8.4,10.7,,,23.9,3511.0,,,,,9,7,
2018-07-23,하천,강정고령보,다사,2018.07.23,24.1,8.2,4.5,,,6.6,21182.0,,,,,14,4,
2018-07-30,하천,강정고령보,다사,2018.07.30,27.8,9.0,6.3,,,47.2,3124.0,,,,,11,정량한계미만,
2018-08-06,하천,강정고령보,다사,2018.08.06,28.9,8.5,4.9,,,9.7,26139.0,,,,,6,10,
2018-08-13,하천,강정고령보,다사,2018.08.13,27.2,8.6,4.8,,,13.7,24439.0,,,,,6,17,
2018-08-20,하천,강정고령보,다사,2018.08.20,28.9,8.1,5.6,,,12.2,29820.0,,,,,정량한계미만,22,
2018-08-28,하천,강정고령보,다사,2018.08.28,25.0,7.1,7.8,,,11.1,4688.0,,,,,5,11,
2018-09-03,하천,강정고령보,다사,2018.09.03,23.4,7.0,9.7,,,5.3,419.0,,,,,5,정량한계미만,
2018-09-10,하천,강정고령보,다사,2018.09.10,22.7,7.2,8.5,,,6.5,580.0,,,,,정량한계미만,정량한계미만,
2018-09-17,하천,강정고령보,다사,2018.09.17,22.6,7.4,9.7,,,7.6,47318.0,,,,,11,정량한계미만,
2018-09-27,하천,강정고령보,다사,2018.09.27,22.0,7.6,8.9,,,13.3,305.0,,,,,7,정량한계미만,
2018-10-02,하천,강정고령보,다사,2018.10.02,20.7,7.6,8.5,,,9,2756.0,,,,,4,정량한계미만,
2018-10-11,하천,강정고령보,다사,2018.10.11,17.8,7.2,9.1,,,5.3,24.0,,,,,6,4,
2018-10-15,하천,강정고령보,다사,2018.10.15,17.4,7.2,9.1,,,5.6,97.0,,,,,5,4,
2018-10-22,하천,강정고령보,다사,2018.10.22,16.5,7.3,9.1,,,7.9,327.0,,,,,정량한계미만,정량한계미만,
2018-10-29,하천,강정고령보,다사,2018.10.29,15.6,7.2,9.2,,,10.9,150.0,,,,,정량한계미만,정량한계미만,
2018-11-05,하천,강정고령보,다사,2018.11.05,14.2,7.7,9.1,,,14.7,1900.0,,,,,4,정량한계미만,
2018-11-12,하천,강정고령보,다사,2018.11.12,13.9,8.7,12.5,,,39.5,430.0,,,,,4,정량한계미만,
2018-11-19,하천,강정고령보,다사,2018.11.19,12.7,8.1,10.8,,,8.5,383.0,,,,,4,정량한계미만,
2018-11-26,하천,강정고령보,다사,2018.11.26,10.6,8.5,10.6,,,6.6,266.0,,,,,정량한계미만,정량한계미만,
2018-12-03,하천,강정고령보,다사,2018.12.03,9.5,8.4,11.4,,,5.8,3532.0,,,,,4,정량한계미만,
2018-12-10,하천,강정고령보,다사,2018.12.10,7.1,8.0,11.3,,,9,13.0,,,,,4,정량한계미만,
2018-12-17,하천,강정고령보,다사,2018.12.17,4.8,8.1,12.3,,,12.2,114.0,,,,,6,정량한계미만,
2018-12-24,하천,강정고령보,다사,2018.12.24,4.8,8.4,13.7,,,16,111.0,,,,,4,정량한계미만,
2018-12-31,하천,강정고령보,다사,2018.12.31,,,,,,,,,,,,,,
2019-01-07,하천,강정고령보,다사,2019.01.07,3.0,7.8,13.9,,,11.2,73.0,,,,,3,정량한계미만,
2019-01-14,하천,강정고령보,다사,2019.01.14,3.1,7.8,13.2,,,8.4,53.0,,,,,5,정량한계미만,
2019-01-21,하천,강정고령보,다사,2019.01.21,,,,,,,,,,,,,,
2019-01-29,하천,강정고령보,다사,2019.01.29,2.8,7.8,14.8,,,15.8,0.0,,,,,정량한계미만,정량한계미만,
2019-02-07,하천,강정고령보,다사,2019.02.07,4.0,8.1,14.1,,,21.0,61.0,,,,,7,4,
2019-02-11,하천,강정고령보,다사,2019.02.11,3.9,8.3,14.8,,,24.7,55.0,,,,,7,3,
2019-02-18,하천,강정고령보,다사,2019.02.18,4.1,8.3,12.6,,,25.0,0.0,,,,,5,정량한계미만,
2019-02-25,하천,강정고령보,다사,2019.02.25,5.4,8.1,13.3,,,24.7,67.0,,,,,9,5,
2019-03-04,하천,강정고령보,다사,2019.03.04,6.9,8.1,12.7,,,26.6,93.0,,,,,6,정량한계미만,
2019-03-11,하천,강정고령보,다사,2019.03.11,7.9,8.6,14.1,,,26.2,65.0,,,,,9,정량한계미만,
2019-03-18,하천,강정고령보,다사,2019.03.18,8.8,8.2,12.9,,,24.3,0.0,,,,,9,정량한계미만,
2019-03-25,하천,강정고령보,다사,2019.03.25,9.9,8.2,12.0,,,19.7,0.0,,,,,10,정량한계미만,
2019-04-01,하천,강정고령보,다사,2019.04.01,11.3,7.9,10.6,,,13.8,74.0,,,,,10,정량한계미만,
2019-04-08,하천,강정고령보,다사,2019.04.08,13.1,8.3,11.9,,,15.0,68.0,,,,,7,정량한계미만,
2019-04-15,하천,강정고령보,다사,2019.04.15,12.5,8.0,11.2,,,14.5,131.0,,,,,10,3,
2019-04-22,하천,강정고령보,다사,2019.04.22,13.8,8.0,10.9,,,11.0,14.0,,,,,15,정량한계미만,
2019-04-29,하천,강정고령보,다사,2019.04.29,15.6,8.3,10.1,,,13.2,7.0,,,,,28,정량한계미만,
2019-05-07,하천,강정고령보,다사,2019.05.07,17.7,8.6,10.6,,,18.7,204.0,,,,,11,정량한계미만,
2019-05-13,하천,강정고령보,다사,2019.05.13,18.8,8.3,9.8,,,7.6,21.0,,,,,9,정량한계미만,
2019-05-20,하천,강정고령보,다사,2019.05.20,19.3,8.1,7.2,,,4.5,228.0,,,,,8,정량한계미만,
2019-05-28,하천,강정고령보,다사,2019.05.28,21.1,8.2,7.8,,,11.2,1380.0,,,,,8,정량한계미만,
2019-06-03,하천,강정고령보,다사,2019.06.03,21.9,8.4,8.1,,,6.8,2579.0,,,,,8,정량한계미만,
2019-06-10,하천,강정고령보,다사,2019.06.10,22.2,8.0,6.2,,,11.4,4127.0,,,,,9,3,
2019-06-17,하천,강정고령보,다사,2019.06.17,22.9,8.1,7.3,,,5.3,5909.0,,,,,86,정량한계미만,
2019-06-24,하천,강정고령보,다사,2019.06.24,23.9,8.3,7.2,,,7.3,51223.0,,,,,48,정량한계미만,
2019-07-01,하천,강정고령보,다사,2019.07.01,24.0,7.6,5.2,,,8.9,100017.0,,,,,38,정량한계미만,
2019-07-08,하천,강정고령보,다사,2019.07.08,24.8,8.0,5.8,,,18.5,52945.0,,,,,20,5,
2019-07-15,하천,강정고령보,다사,2019.07.15,25.1,8.0,5.8,,,7.4,17790.0,,,,,15,12,
2019-07-22,하천,강정고령보,다사,2019.07.22,25.8,8.0,7.5,,,20.5,19057.0,,,,,44,12,
2019-07-29,하천,강정고령보,다사,2019.07.29,26.9,8.2,8.4,,,22.9,11004.0,,,,,22,7,
2019-08-05,하천,강정고령보,다사,2019.08.05,27.5,8.3,7.7,,,14.0,12423.0,,,,,57,5,
2019-08-12,하천,강정고령보,다사,2019.08.12,28.2,8.0,5.1,,,35.7,14313.0,,,,,162,10,
2019-08-19,하천,강정고령보,다사,2019.08.19,29.0,8.4,7.9,,,30.6,30040.0,,,,,143,11,
2019-08-26,하천,강정고령보,다사,2019.08.26,27.9,7.8,7.0,,,8.1,56100.0,,,,,7,14,
2019-09-02,하천,강정고령보,다사,2019.09.02,26.4,7.8,9.0,,,19.1,9405.0,,,,,7,19,
2019-09-09,하천,강정고령보,다사,2019.09.09,26.0,7.8,8.9,,,27.6,10140.0,,,,,정량한계미만,18,
2019-09-16,하천,강정고령보,다사,2019.09.16,25.1,8.2,7.7,,,41.9,10599.0,,,,,11,16,
2019-09-24,하천,강정고령보,다사,2019.09.24,21.6,7.2,9.2,,,7.7,130.0,,,,,5,정량한계미만,
2019-09-30,하천,강정고령보,다사,2019.09.30,20.6,7.4,9.4,,,21.0,1055.0,,,,,9,4,
2019-10-07,하천,강정고령보,다사,2019.10.07,20.0,7.2,9.0,,,2.4,173.0,,,,,8,7,
2019-10-14,하천,강정고령보,다사,2019.10.14,19.5,7.1,9.7,,,11.5,81.0,,,,,6,9,
2019-10-21,하천,강정고령보,다사,2019.10.21,18.4,7.3,11.4,,,11.0,86.0,,,,,12,8,
2019-10-28,하천,강정고령보,다사,2019.10.28,17.8,7.7,10.6,,,26.6,383.0,,,,,13,5,
2019-11-04,하천,강정고령보,다사,2019.11.04,16.7,8.7,12.3,,,33.5,46.0,,,,,4,6,
2019-11-11,하천,강정고령보,다사,2019.11.11,15.5,8.2,12.5,,,5.0,0.0,,,,,10,5,
2019-11-18,하천,강정고령보,다사,2019.11.18,13.2,7.9,10.5,,,4.2,196.0,,,,,5,4,
2019-11-25,하천,강정고령보,다사,2019.11.25,11.5,7.7,9.7,,,5.2,257.0,,,,,5,3,
2019-12-02,하천,강정고령보,다사,2019.12.02,10.2,7.8,10.7,,,7.3,0.0,,,,,4,8,
2019-12-09,하천,강정고령보,다사,2019.12.09,7.8,8.0,12.8,,,24.2,0.0,,,,,4,5,
2019-12-16,하천,강정고령보,다사,2019.12.16,6.7,8.8,14.7,,,31.7,185.0,,,,,5,정량한계미만,
2019-12-23,하천,강정고령보,다사,2019.12.23,6.0,8.3,11.2,,,5.7,0.0,,,,,정량한계미만,4,
2020-01-06,하천,강정고령보,다사,2020.01.06,4.2,8.4,12.9,,,7.2,49.0,,,,,5,정량한계미만,
2020-01-14,하천,강정고령보,다사,2020.01.14,4.2,7.0,14.1,,,13.9,125.0,,,,,7,정량한계미만,
2020-01-20,하천,강정고령보,다사,2020.01.20,4.1,8.0,13.6,,,16.5,0.0,,,,,5,5,
2020-01-28,하천,강정고령보,다사,2020.01.28,4.4,7.9,13.7,,,12.2,0.0,,,,,4,9,
2020-02-03,하천,강정고령보,다사,2020.02.03,5.1,8.2,14.6,,,23.5,0.0,,,,,9,6,
2020-02-10,하천,강정고령보,다사,2020.02.10,4.7,8.5,15.5,,,50.0,0.0,,,,,4,6,
2020-02-17,하천,강정고령보,다사,2020.02.17,5.7,7.3,15.0,,,43.4,73.0,,,,,8,9,
2020-02-25,하천,강정고령보,다사,2020.02.25,6.4,7.9,14.4,,,21.5,227.0,,,,,6,정량한계미만,
2020-03-02,하천,강정고령보,다사,2020.03.02,7.5,6.7,13.2,,,13.4,178.0,,,,,5,정량한계미만,
2020-03-09,하천,강정고령보,다사,2020.03.09,7.9,6.8,12.8,,,10.7,0.0,,,,,7,6,
2020-03-16,하천,강정고령보,다사,2020.03.16,7.9,7.5,12.4,,,12.9,238.0,,,,,8,4,
2020-03-23,하천,강정고령보,다사,2020.03.23,9.1,8.1,11.8,,,16.4,187.0,,,,,9,9,
2020-03-30,하천,강정고령보,다사,2020.03.30,10.8,7.8,11.6,,,10.1,527.0,,,,,13,9,
2020-04-06,하천,강정고령보,다사,2020.04.06,12.3,8.1,10.7,,,12.3,2085.0,,,,,13,정량한계미만,
2020-04-13,하천,강정고령보,다사,2020.04.13,12.4,7.8,10.3,,,15.3,2212.0,,,,,22,정량한계미만,
2020-04-20,하천,강정고령보,다사,2020.04.20,13.1,7.6,9.2,,,13.1,441.0,,,,,25,12,
2020-04-27,하천,강정고령보,다사,2020.04.27,13.8,8.0,10.5,,,17.4,4247.0,,,,,29,10,
2020-05-04,하천,강정고령보,다사,2020.05.04,19.5,8.1,9.7,,,2.4,103.0,0.0,0.0,0.0,103.0,,,
2020-05-11,하천,강정고령보,다사,2020.05.11,19.9,7.9,8.6,3.3,0.6,2.0,0.0,0.0,0.0,0.0,0.0,,,
2020-05-18,하천,강정고령보,다사,2020.05.18,21.7,8.1,9.0,3.6,1.1,6.5,528.0,0.0,0.0,0.0,528.0,,,
2020-05-25,하천,강정고령보,다사,2020.05.25,21.5,8.6,11.5,4.2,1.3,8.5,24.0,0.0,0.0,0.0,24.0,,,
2020-06-01,하천,강정고령보,다사,2020.06.01,24.2,9.0,11.8,3.5,1.3,11.9,531.0,0.0,490.0,0.0,41.0,,,
2020-06-08,하천,강정고령보,다사,2020.06.08,25.5,8.7,9.8,4.9,1.0,4.2,1310.0,0.0,540.0,0.0,770.0,,,
2020-06-16,하천,강정고령보,다사,2020.06.16,26.2,7.6,6.9,2.9,2.2,5.1,163.0,0.0,91.0,0.0,72.0,,,
2020-06-22,하천,강정고령보,다사,2020.06.22,26.7,7.7,7.7,2.8,1.7,13.5,3595.0,3365.0,0.0,0.0,230.0,,,
2020-06-29,하천,강정고령보,다사,2020.06.29,27.3,8.7,11.5,1.9,0.9,58.8,16765.0,15680.0,0.0,0.0,1085.0,,,
2020-07-06,하천,강정고령보,다사,2020.07.06,25.8,8.2,9.8,2.2,2.8,22.6,17108.0,16170.0,81.0,0.0,857.0,,,
2020-07-16,하천,강정고령보,다사,2020.07.16,22.6,7.0,8.6,0.3,36.0,3.7,24.0,0.0,0.0,0.0,24.0,,,
2020-07-21,하천,강정고령보,다사,2020.07.21,24.6,8.1,11.9,0.7,13.0,47.2,1533.0,1210.0,317.0,0.0,6.0,,,
2020-07-27,하천,강정고령보,다사,2020.07.27,,,,,,,,,,,,,,
2020-08-04,하천,강정고령보,다사,2020.08.04,,,,,,,,,,,,,,
2020-08-10,하천,강정고령보,다사,2020.08.10,,,,,,,,,,,,,,
2020-08-18,하천,강정고령보,다사,2020.08.18,27.0,8.3,12.2,1.0,11.0,30.6,1781.0,1060.0,60.0,0.0,661.0,,,
2020-08-24,하천,강정고령보,다사,2020.08.24,27.7,8.4,10.7,1.4,4.0,33.7,2137.0,2025.0,84.0,0.0,28.0,,,
2020-08-31,하천,강정고령보,다사,2020.08.31,27.9,8.0,8.2,1.2,7.7,41.3,5798.0,4710.0,132.0,805.0,151.0,,,
2020-09-10,하천,강정고령보,다사,2020.09.10,21.9,7.4,9.3,0.3,44.0,8.1,11865.0,11460.0,317.0,0.0,88.0,,,
2020-09-14,하천,강정고령보,다사,2020.09.14,22.5,7.5,8.9,0.3,33.0,7.8,2085.0,1980.0,81.0,0.0,24.0,,,
2020-09-21,하천,강정고령보,다사,2020.09.21,22.7,7.2,7.9,0.7,12.0,8.8,1090.0,1065.0,0.0,0.0,25.0,,,
2020-09-28,하천,강정고령보,다사,2020.09.28,21.7,7.0,8.0,0.7,11.0,6.2,1355.0,1355.0,0.0,0.0,0.0,,,
2020-10-05,하천,강정고령보,다사,2020.10.05,21.4,8.3,9.6,0.9,7.0,22.3,1112.0,1095.0,0.0,0.0,17.0,,,
2020-10-12,하천,강정고령보,다사,2020.10.12,20.0,8.1,9.9,1.5,4.0,20.9,559.0,525.0,0.0,0.0,34.0,,,
2020-10-19,하천,강정고령보,다사,2020.10.19,18.3,8.0,9.5,1.2,4.0,14.1,610.0,610.0,0.0,0.0,0.0,,,
2020-10-26,하천,강정고령보,다사,2020.10.26,16.9,8.3,10.7,1.3,4.0,15.0,391.0,230.0,0.0,0.0,161.0,,,
2020-11-02,하천,강정고령보,다사,2020.11.02,15.7,8.5,11.5,1.5,4.0,25.6,3942.0,770.0,7.0,58.0,3107.0,,,
2020-11-09,하천,강정고령보,다사,2020.11.09,13.5,9.0,11.7,1.2,5.0,18.6,1650.0,385.0,0.0,0.0,1265.0,,,
2020-11-16,하천,강정고령보,다사,2020.11.16,12.3,8.3,10.2,1.7,3.0,5.5,2440.0,380.0,65.0,626.0,1369.0,,,
2020-11-23,하천,강정고령보,다사,2020.11.23,12.5,7.7,10.1,1.7,4.0,8.8,559.0,40.0,0.0,320.0,199.0,,,
2020-11-30,하천,강정고령보,다사,2020.11.30,10.5,7.8,11.0,1.5,3.0,16.5,12584.0,0.0,0.0,11719.0,865.0,,,
2020-12-07,하천,강정고령보,다사,2020.12.07,8.0,7.9,11.9,1.8,3.0,15.4,3591.0,465.0,0.0,1621.0,1505.0,,,
2020-12-14,하천,강정고령보,다사,2020.12.14,6.6,8.1,11.7,1.3,3.0,20.5,198.0,0.0,0.0,118.0,80.0,,,
2020-12-21,하천,강정고령보,다사,2020.12.21,3.9,8.4,13.1,1.5,4.0,40.4,549.0,0.0,0.0,419.0,130.0,,,
2020-12-28,하천,강정고령보,다사,2020.12.28,4.2,8.4,13.1,1.4,4.0,41.8,123.0,0.0,0.0,123.0,0.0,,,
2021-01-04,하천,강정고령보,다사,2021.01.04,,,,,,,,,,,,,,
2021-01-11,하천,강정고령보,다사,2021.01.11,,,,,,,,,,,,,,
2021-01-18,하천,강정고령보,다사,2021.01.18,,,,,,,,,,,,,,
2021-01-25,하천,강정고령보,다사,2021.01.25,,,,,,,,,,,,,,
2021-02-01,하천,강정고령보,다사,2021.02.01,3.3,8.8,15.6,1.0,2.0,34.0,0.0,0.0,0.0,0.0,0.0,,,
2021-02-09,하천,강정고령보,다사,2021.02.09,2.8,8.9,15.3,1.0,2.4,43.8,0.0,0.0,0.0,0.0,0.0,,,
2021-02-16,하천,강정고령보,다사,2021.02.16,4.4,9.1,15.6,0.8,3.3,46.0,0.0,0.0,0.0,0.0,0.0,,,
2021-02-22,하천,강정고령보,다사,2021.02.22,5.3,9.1,14.4,0.9,4.2,48.5,0.0,0.0,0.0,0.0,0.0,,,
2021-03-02,하천,강정고령보,다사,2021.03.02,6.1,8.9,13.3,0.9,6.2,36.6,0.0,0.0,0.0,0.0,0.0,,,
2021-03-08,하천,강정고령보,다사,2021.03.08,7.3,8.1,12.7,1.0,5.0,31.5,0.0,0.0,0.0,0.0,0.0,,,
2021-03-15,하천,강정고령보,다사,2021.03.15,10.1,8.5,13.4,1.1,3.8,22.9,0.0,0.0,0.0,0.0,0.0,,,
2021-03-22,하천,강정고령보,다사,2021.03.22,10.3,8.1,11.3,1.0,4.9,21.5,0.0,0.0,0.0,0.0,0.0,,,
2021-03-29,하천,강정고령보,다사,2021.03.29,12.3,8.6,11.8,1.1,4.0,16.8,0.0,0.0,0.0,0.0,0.0,,,
2021-04-05,하천,강정고령보,다사,2021.04.05,13.2,8.1,9.4,0.9,5.3,12.8,207.0,0.0,0.0,0.0,207.0,,,
2021-04-12,하천,강정고령보,다사,2021.04.12,14.8,9.2,13.9,1.1,1.7,21.0,309.0,0.0,0.0,0.0,309.0,,,
2021-04-19,하천,강정고령보,다사,2021.04.19,15.3,8.9,11.6,0.9,2.8,30.1,0.0,0.0,0.0,0.0,0.0,,,
2021-04-26,하천,강정고령보,다사,2021.04.26,16.5,8.7,11.0,1.3,3.5,28.5,916.0,0.0,0.0,0.0,916.0,,,
2021-05-03,하천,강정고령보,다사,2021.05.03,17.3,8.6,10.1,1.3,3.3,12.8,294.0,0.0,46.0,225.0,23.0,,,
2021-05-10,하천,강정고령보,다사,2021.05.10,17.7,7.9,8.2,1.7,2.8,6.1,0.0,0.0,0.0,0.0,0.0,,,
2021-05-18,하천,강정고령보,다사,2021.05.18,19.7,7.8,8.4,2.4,1.1,2.6,0.0,0.0,0.0,0.0,0.0,,,
2021-05-24,하천,강정고령보,다사,2021.05.24,20.7,8.5,12.4,1.6,2.8,16.0,114.0,0.0,0.0,114.0,0.0,,,
2021-05-31,하천,강정고령보,다사,2021.05.31,25.4,9.3,14.2,1.5,2.5,19.5,401.0,0.0,38.0,363.0,0.0,,,
2021-06-07,하천,강정고령보,다사,2021.06.07,24.7,9.4,14.0,1.3,3.6,23.9,4339.0,0.0,1940.0,2005.0,394.0,,,
2021-06-14,하천,강정고령보,다사,2021.06.14,25.4,8.7,9.7,2.3,1.3,6.5,771.0,0.0,44.0,35.0,692.0,,,
2021-06-21,하천,강정고령보,다사,2021.06.21,26.4,8.9,11.0,2.3,1.5,8.6,8222.0,1710.0,0.0,0.0,6512.0,,,
2021-06-28,하천,강정고령보,다사,2021.06.28,25.7,8.8,10.5,1.7,2.5,20.8,10606.0,0.0,0.0,0.0,10606.0,,,
2021-07-05,하천,강정고령보,다사,2021.07.05,26.3,8.8,10.6,1.2,3.8,27.6,17947.0,1625.0,783.0,0.0,15539.0,,,
2021-07-13,하천,강정고령보,다사,2021.07.13,29.0,7.7,10.3,0.7,19.8,14.4,193.0,0.0,10.0,86.0,97.0,,,
2021-07-19,하천,강정고령보,다사,2021.07.19,28.5,9.0,14.1,1.1,3.9,49.0,22513.0,22040.0,446.0,0.0,27.0,,,
2021-07-26,하천,강정고령보,다사,2021.07.26,29.9,8.8,10.5,0.9,3.9,31.3,89443.0,86700.0,1990.0,330.0,423.0,,,
2021-08-02,하천,강정고령보,다사,2021.08.02,30.1,8.8,9.6,1.2,5.9,20.3,41956.0,32980.0,3395.0,322.0,5259.0,,,
2021-08-09,하천,강정고령보,다사,2021.08.09,29.4,8.0,8.0,1.0,6.4,17.6,24476.0,22520.0,600.0,13.0,1343.0,,,
2021-08-17,하천,강정고령보,다사,2021.08.17,27.7,7.5,7.2,1.1,5.2,15.1,2650.0,2650.0,0.0,0.0,0.0,,,
2021-08-23,하천,강정고령보,다사,2021.08.23,27.0,7.1,7.8,1.3,4.3,12.3,5470.0,5470.0,0.0,0.0,0.0,,,
2021-08-30,하천,강정고령보,다사,2021.08.30,24.1,6.7,8.3,0.3,23.1,6.6,1086.0,1015.0,71.0,0.0,0.0,,,
2021-09-06,하천,강정고령보,다사,2021.09.06,22.0,6.5,9.0,0.4,21.2,8.3,639.0,545.0,44.0,0.0,50.0,,,
2021-09-13,하천,강정고령보,다사,2021.09.13,23.8,8.1,10.2,0.8,5.9,40.4,1341.0,1155.0,148.0,0.0,38.0,,,
2021-09-23,하천,강정고령보,다사,2021.09.23,24.2,7.8,8.4,1.2,5.5,13.0,275.0,275.0,0.0,0.0,0.0,,,
2021-09-27,하천,강정고령보,다사,2021.09.27,23.1,7.8,7.6,1.1,7.1,11.9,855.0,855.0,0.0,0.0,0.0,,,
2021-10-05,하천,강정고령보,다사,2021.10.05,25.0,7.3,10.7,1.2,4.7,19.8,940.0,940.0,0.0,0.0,0.0,,,
2021-10-12,하천,강정고령보,다사,2021.10.12,22.8,6.6,6.5,1.0,5.7,4.7,141.0,130.0,0.0,0.0,11.0,,,
2021-10-18,하천,강정고령보,다사,2021.10.18,19.9,7.0,7.9,0.9,7.7,7.4,175.0,175.0,0.0,0.0,0.0,,,
2021-10-25,하천,강정고령보,다사,2021.10.25,17.6,7.2,10.6,0.8,8.9,38.8,1076.0,585.0,289.0,0.0,202.0,,,
2021-11-01,하천,강정고령보,다사,2021.11.01,16.8,8.2,10.4,1.1,4.3,9.2,880.0,315.0,15.0,0.0,550.0,,,
2021-11-08,하천,강정고령보,다사,2021.11.08,15.8,7.8,9.7,0.8,9.1,10.3,432.0,205.0,0.0,83.0,144.0,,,
2021-11-15,하천,강정고령보,다사,2021.11.15,13.5,7.8,9.6,1.4,3.6,6.4,755.0,445.0,32.0,0.0,278.0,,,
2021-11-22,하천,강정고령보,다사,2021.11.22,12.4,8.4,10.8,1.5,3.1,17.2,685.0,210.0,0.0,0.0,475.0,,,
2021-11-29,하천,강정고령보,다사,2021.11.29,10.5,7.8,10.3,1.4,2.9,7.3,1169.0,160.0,28.0,0.0,981.0,,,
2021-12-06,하천,강정고령보,다사,2021.12.06,8.2,7.6,10.8,1.7,2.7,8.8,4165.0,60.0,0.0,0.0,4105.0,,,
2021-12-13,하천,강정고령보,다사,2021.12.13,7.4,8.0,11.1,1.5,3.5,7.5,533.0,0.0,15.0,0.0,518.0,,,
2021-12-20,하천,강정고령보,다사,2021.12.20,5.9,8.1,11.8,1.2,3.5,11.8,143.0,0.0,0.0,0.0,143.0,,,
2021-12-27,하천,강정고령보,다사,2021.12.27,4.2,8.1,11.9,1.4,2.9,8.6,0.0,0.0,0.0,0.0,0.0,,,
2022-01-03,하천,강정고령보,다사,2022.01.03,2.7,7.7,12.5,1.8,2.2,9.5,0.0,0.0,0.0,0.0,0.0,,,
2022-01-10,하천,강정고령보,다사,2022.01.10,2.9,7.8,12.9,2.2,1.9,7.5,0.0,0.0,0.0,0.0,0.0,,,
2022-01-17,하천,강정고령보,다사,2022.01.17,,,,,,,,,,,,,,
2022-01-24,하천,강정고령보,다사,2022.01.24,3.0,7.5,13.1,2.3,2.0,7.3,0.0,0.0,0.0,0.0,0.0,,,
2022-02-03,하천,강정고령보,다사,2022.02.03,3.0,7.9,13.6,2.2,2.4,12.5,0.0,0.0,0.0,0.0,0.0,,,
2022-02-07,하천,강정고령보,다사,2022.02.07,,,,,,,,,,,,,,
2022-02-14,하천,강정고령보,다사,2022.02.14,4.0,7.3,13.8,2.3,2.8,15.3,0.0,0.0,0.0,0.0,0.0,,,
2022-02-21,하천,강정고령보,다사,2022.02.21,3.0,7.4,13.5,2.2,2.5,11.7,0.0,0.0,0.0,0.0,0.0,,,
2022-02-28,하천,강정고령보,다사,2022.02.28,4.3,7.3,13.4,2.2,2.7,12.7,0.0,0.0,0.0,0.0,0.0,,,
2022-03-07,하천,강정고령보,다사,2022.03.07,6.8,8.1,12.8,1.9,2.7,9.5,0.0,0.0,0.0,0.0,0.0,,,
2022-03-14,하천,강정고령보,다사,2022.03.14,7.2,8.1,12.6,1.8,2.0,14.4,0.0,0.0,0.0,0.0,0.0,,,
2022-03-21,하천,강정고령보,다사,2022.03.21,8.9,8.2,12.6,1.8,3.1,20.3,0.0,0.0,0.0,0.0,0.0,,,
2022-03-28,하천,강정고령보,다사,2022.03.28,10.8,8.4,12.5,1.2,5.2,27.2,39.0,0.0,0.0,0.0,39.0,,,
2022-04-04,하천,강정고령보,다사,2022.04.04,13.2,8.7,12.6,1.5,2.6,10.9,0.0,0.0,0.0,0.0,0.0,,,
2022-04-11,하천,강정고령보,다사,2022.04.11,17.0,8.9,12.5,1.7,2.3,13.7,123.0,0.0,0.0,0.0,123.0,,,
2022-04-18,하천,강정고령보,다사,2022.04.18,16.5,8.9,12.0,1.4,3.6,25.6,1196.0,0.0,0.0,0.0,1196.0,,,
2022-04-25,하천,강정고령보,다사,2022.04.25,20.2,8.8,11.9,1.8,2.4,9.2,341.0,0.0,0.0,0.0,341.0,,,
2022-05-02,하천,강정고령보,다사,2022.05.02,19.0,8.0,8.8,1.5,5.0,7.3,0.0,0.0,0.0,0.0,0.0,,,
2022-05-09,하천,강정고령보,다사,2022.05.09,19.7,7.7,8.2,2.0,1.8,3.2,0.0,0.0,0.0,0.0,0.0,,,
2022-05-16,하천,강정고령보,다사,2022.05.16,21.0,7.8,8.5,2.7,1.3,2.8,0.0,0.0,0.0,0.0,0.0,,,
2022-05-23,하천,강정고령보,다사,2022.05.23,23.9,8.8,10.2,3.6,1.0,4.8,267.0,120.0,0.0,0.0,147.0,,,
2022-05-30,하천,강정고령보,다사,2022.05.30,24.0,8.9,11.1,3.5,1.8,12.8,514.0,430.0,0.0,0.0,84.0,,,
2022-06-07,하천,강정고령보,다사,2022.06.07,23.6,8.5,9.3,3.3,2.1,14.2,2296.0,1010.0,388.0,0.0,898.0,,,
2022-06-13,하천,강정고령보,다사,2022.06.13,22.8,8.6,9.5,1.4,4.9,30.7,13672.0,4550.0,6481.0,0.0,2641.0,,,
2022-06-20,하천,강정고령보,다사,2022.06.20,29.2,9.6,18.6,0.8,17.5,62.8,80961.0,22800.0,56630.0,0.0,1531.0,,,
2022-06-27,하천,강정고령보,다사,2022.06.27,27.3,9.3,12.3,0.9,14.5,65.0,79986.0,26880.0,51234.0,0.0,1872.0,,,
2022-07-04,하천,강정고령보,다사,2022.07.04,30.9,9.1,13.1,0.9,14.0,41.9,58084.0,39400.0,18570.0,0.0,114.0,,,
2022-07-13,하천,강정고령보,다사,2022.07.13,28.8,8.9,9.0,1.5,4.4,34.5,71515.0,71400.0,115.0,0.0,0.0,,,
2022-07-18,하천,강정고령보,다사,2022.07.18,29.0,9.0,12.2,1.1,10.5,47.5,114735.0,111400.0,272.0,0.0,3063.0,,,
2022-07-25,하천,강정고령보,다사,2022.07.25,29.3,9.2,15.7,1.9,3.3,44.2,98595.0,98250.0,0.0,0.0,345.0,,,
2022-08-01,하천,강정고령보,다사,2022.08.01,28.4,8.6,8.7,1.9,3.5,34.5,29454.0,28733.0,0.0,721.0,0.0,,,
2022-08-08,하천,강정고령보,다사,2022.08.08,30.8,9.1,12.5,2.0,4.5,11.4,32203.0,30167.0,0.0,2036.0,0.0,,,
2022-08-16,하천,강정고령보,다사,2022.08.16,,,,,,,,,,,,,,
2022-08-22,하천,강정고령보,다사,2022.08.22,27.3,7.8,9.8,1.3,5.7,21.5,6321.0,6108.0,88.0,74.0,51.0,,,
2022-08-29,하천,강정고령보,다사,2022.08.29,26.0,7.4,7.0,1.3,5.7,9.9,1030.0,1030.0,0.0,0.0,0.0,,,
2022-09-05,하천,강정고령보,다사,2022.09.05,,,,,,,,,,,,,,
2022-09-14,하천,강정고령보,다사,2022.09.14,22.9,7.3,10.0,1.0,9.0,23.3,1963.0,375.0,1276.0,167.0,145.0,,,
2022-09-20,하천,강정고령보,다사,2022.09.20,23.7,7.4,8.5,1.7,2.7,10.8,1166.0,350.0,319.0,400.0,97.0,,,
2022-09-26,하천,강정고령보,다사,2022.09.26,22.9,7.5,7.4,1.6,4.1,14.8,240.0,210.0,0.0,0.0,30.0,,,
2022-10-05,하천,강정고령보,다사,2022.10.05,22.3,7.2,6.6,1.5,5.6,4.0,176.0,140.0,0.0,0.0,36.0,,,
2022-10-11,하천,강정고령보,다사,2022.10.11,20.5,8.0,9.0,1.3,4.8,29.4,2510.0,1890.0,0.0,0.0,620.0,,,
2022-10-17,하천,강정고령보,다사,2022.10.17,20.7,8.7,11.1,2.8,1.6,7.3,2596.0,1170.0,0.0,127.0,1299.0,,,
2022-10-24,하천,강정고령보,다사,2022.10.24,18.1,7.8,8.3,1.4,3.5,4.9,1535.0,475.0,0.0,0.0,1060.0,,,
2022-10-31,하천,강정고령보,다사,2022.10.31,17.2,7.6,8.3,1.8,2.4,2.2,5031.0,1420.0,0.0,0.0,3611.0,,,
2022-11-07,하천,강정고령보,다사,2022.11.07,15.4,7.5,8.3,1.3,4.8,4.9,10792.0,3095.0,0.0,0.0,7697.0,,,
2022-11-14,하천,강정고령보,다사,2022.11.14,14.8,7.5,8.9,4.0,1.6,4.3,10421.0,1375.0,0.0,0.0,9046.0,,,
2022-11-21,하천,강정고령보,다사,2022.11.21,13.7,7.9,9.8,1.8,3.2,7.5,2060.0,1915.0,0.0,16.0,129.0,,,
2022-11-28,하천,강정고령보,다사,2022.11.28,12.4,7.8,9.2,1.5,5.2,3.2,1122.0,740.0,0.0,0.0,382.0,,,
2022-12-05,하천,강정고령보,다사,2022.12.05,9.1,7.8,10.4,1.5,3.9,12.8,1138.0,360.0,0.0,14.0,764.0,,,
2022-12-12,하천,강정고령보,다사,2022.12.12,7.6,8.0,11.8,1.5,3.7,23.6,208.0,0.0,0.0,0.0,208.0,,,
2022-12-19,하천,강정고령보,다사,2022.12.19,5.1,7.7,11.8,1.7,2.7,12.1,30.0,0.0,0.0,0.0,30.0,,,
2022-12-26,하천,강정고령보,다사,2022.12.26,2.6,7.9,12.7,2.2,2.1,11.8,13.0,0.0,0.0,0.0,13.0,,,
