 채수 일자,No,연도,월,조사회차,수계명,중권역명,측정소명,수심,음이온계면활성제,유량,안티몬,비소,바륨,벤젠,생물화학적산소요구량,사염화탄소,카드뮴,클로로포름,염소이온,클로로필,시안,화학적산소요구량,색도,크롬,가크롬,구리,다이클로로에탄,다이클로로메탄,다이에틸헥실프탈레이트,다이옥세인,용존산소,용존총질소,용존총인,전기전도도,분원성대장균군,용해성철,불소,헥사클로로벤젠,포름알데히드,수은,용해성망간,암모니아성질소,노말헥산추출물질,니켈,질산성질소,유기인,납,폴리클로리네이티드비페닐,테트라클로로에틸렌,수소이온농도,페놀류,인산염인,셀레늄,부유물질,트리클로로에틸렌,총대장균군,수온,총질소,총유기탄소,총인,투명도,아연
2011-01-05,594,2011,1,1회차,낙동강,강정고령보(낙동왜관),강정,,,,,0.00000,,,0.9,,0.00000,,,1.5,,3.2,,,0.000,,,,,,14.7,2.29,0.025,296.0,50,,,,,0.0000000,,0.223,,,1.967,,0.00000,,,7.9,0.000,0.017,,30.5,,180.0,1.0,2.41,,0.054,,
2012-01-10,1153,2012,1,1회차,낙동강,강정고령보(낙동왜관),강정,,,,,,,,0.9,,,,,1.3,,4.0,,,,,,,,,15.0,3.371,0.020,229.0,0,,,,,,,0.096,,,2.937,,,,,7.9,0.000,0.011,,9.2,,440.0,1.0,3.461,1.8,0.026,,
2013-01-09,1895,2013,1,1회차,낙동강,강정고령보(낙동왜관),강정,,,,,,,,0.7,,,,,2.9,,2.6,,,,,,,,,14.6,2.612,0.015,226.0,20,,,,,,,0.289,,,2.620,,,,,7.7,0.000,0.001,,1.0,,64.0,1.0,2.629,1.6,0.023,,
2014-01-14,2535,2014,1,1회차,낙동강,강정고령보(낙동왜관),강정,,,,,,,,1.2,,,,,5.4,,2.8,,,,,,,,,14.7,2.734,0.018,231.0,0,,,,,,,0.007,,,2.302,,,,,8.9,0.000,0.001,,6.0,,30.0,2.0,2.792,1.9,0.031,,
2015-01-13,3476,2015,1,1회차,낙동강,강정고령보(낙동왜관),강정,,,,,,,,1.1,,,,,5.0,,4.4,,,,,,,,,15.3,3.014,0.008,254.0,0,,,,,,,0.144,,,2.626,,,,,8.0,0.000,0.007,,0.8,,4.0,3.0,3.053,2.1,0.010,,
2011-01-19,48501,2011,1,2회차,낙동강,강정고령보(낙동왜관),강정,,,,,,,,0.9,,,,,,,3.2,,,,,,,,,19.0,,,230.0,,,,,,,,,,,,,,,,7.9,,,,38.0,,,3.0,,,,,
2011-02-09,4477,2011,2,1회차,낙동강,강정고령보(낙동왜관),강정,,,,,0.00000,,,1.0,,0.00000,,,5.2,,4.0,,,0.000,,,,,,14.5,2.359,0.031,273.0,100,,,,,0.0000000,,0.196,,,2.092,,0.00000,,,8.0,0.000,0.027,,78.8,,200.0,3.0,2.419,,0.071,,
2012-02-08,5026,2012,2,1회차,낙동강,강정고령보(낙동왜관),강정,,,,,,,,0.7,,,,,2.6,,3.6,,,,,,,,,14.2,3.31,0.026,255.0,2,,,,,,,0.293,,,2.484,,,,,7.9,0.000,0.019,,8.8,,180.0,0.0,3.43,1.6,0.029,,
2013-02-18,5570,2013,2,1회차,낙동강,강정고령보(낙동왜관),강정,,,,,,,,0.8,,,,,3.2,,4.0,,,,,,,,,14.2,2.669,0.036,184.0,10,,,,,,,0.176,,,2.472,,,,,7.8,0.000,0.034,,6.4,,30.0,3.0,2.683,2.2,0.051,,
2014-02-11,6452,2014,2,1회차,낙동강,강정고령보(낙동왜관),강정,,,,,,,,1.4,,,,,10.2,,5.0,,,,,,,,,15.6,3.08,0.012,260.0,0,,,,,,,0.251,,,3.068,,,,,8.7,0.000,0.000,,5.2,,0.0,4.0,3.206,2.3,0.024,,
2015-02-10,7304,2015,2,1회차,낙동강,강정고령보(낙동왜관),강정,,,,,,,,1.5,,,,,10.8,,5.0,,,,,,,,,14.1,2.651,0.008,241.0,2,,,,,,,0.098,,,2.349,,,,,7.9,0.000,0.007,,4.4,,4.0,3.0,2.656,1.8,0.013,,
2011-02-21,49853,2011,2,2회차,낙동강,강정고령보(낙동왜관),강정,,,,,,,,0.9,,,,,,,3.4,,,,,,,,,13.9,,,269.0,,,,,,,,,,,,,,,,8.1,,,,42.8,,,5.0,,,,,
2011-03-09,8253,2011,3,1회차,낙동강,강정고령보(낙동왜관),강정,,0.00,,,0.00000,,,1.1,,0.00000,,,5.4,0.00,5.2,,,0.000,,,,,,12.4,3.541,0.014,269.0,5,,,,,0.0000000,,0.210,,,3.107,,0.00000,,,8.2,0.000,0.013,,52.4,,140.0,6.0,3.7,,0.027,,
2012-03-15,8785,2012,3,1회차,낙동강,강정고령보(낙동왜관),강정,,0.00,,,0.00000,,,1.5,,0.00000,,,17.4,0.00,5.0,,,0.000,,,,,,14.6,2.149,0.006,229.0,0,,,,,0.0000000,,0.038,,,2.082,,0.00000,,,8.4,0.000,0.002,,11.0,,20.0,11.0,2.312,2.8,0.016,,
2013-03-20,9478,2013,3,1회차,낙동강,강정고령보(낙동왜관),강정,,0.00,,,0.00000,,,2.1,,0.00000,,,14.2,0.00,4.2,,,0.000,,,,,,10.8,2.41,0.008,220.0,8,,,,,0.0000000,,0.247,,,2.197,,0.00000,,,8.1,0.000,0.000,,6.4,,52.0,10.0,2.479,1.9,0.024,,
2014-03-11,10361,2014,3,1회차,낙동강,강정고령보(낙동왜관),강정,,0.00,,0.0000,0.00000,,,1.7,,0.00000,,,8.6,0.00,3.8,,,0.000,,,,,,15.1,2.953,0.005,254.0,0,,,,,0.0000000,,0.071,,,2.702,,0.00000,,,8.6,0.000,0.006,,2.8,,0.0,7.0,3.017,1.8,0.013,,
2015-03-10,11258,2015,3,1회차,낙동강,강정고령보(낙동왜관),강정,,0.00,,0.0000,0.00000,,,2.0,,0.00000,,,12.0,0.00,5.6,,,0.000,,,,,,13.4,2.629,0.005,240.0,0,,,,,0.0000000,,0.098,,,2.329,,0.00000,,,8.0,0.000,0.003,,6.2,,14.0,5.0,2.684,2.4,0.006,,
2011-03-24,51348,2011,3,2회차,낙동강,강정고령보(낙동왜관),강정,,,,,,,,1.2,,,,,,,4.2,,,,,,,,,12.4,,,277.0,,,,,,,,,,,,,,,,7.9,,,,31.0,,,9.0,,,,,
2011-04-13,12089,2011,4,1회차,낙동강,강정고령보(낙동왜관),강정,,,,,0.00000,,,1.7,,0.00000,,,27.7,,4.4,,,0.000,,,,,,11.0,2.292,0.032,263.0,25,,,,,0.0000000,,0.038,,,2.090,,0.00000,,,8.6,0.000,0.030,,20.8,,380.0,15.0,2.542,,0.041,,
2012-04-19,12691,2012,4,1회차,낙동강,강정고령보(낙동왜관),강정,,,,,,,,1.6,,,,,12.2,,4.2,,,,,,,,,10.9,2.417,0.009,174.0,0,,,,,,,0.136,,,2.222,,,,,9.0,0.000,0.008,,3.6,,4.0,16.0,2.712,1.7,0.013,,
2013-04-17,13453,2013,4,1회차,낙동강,강정고령보(낙동왜관),강정,,,,,,,,2.3,,,,,18.9,,4.8,,,,,,,,,11.3,2.144,0.005,212.0,0,,,,,,,0.023,,,1.980,,,,,8.0,0.000,0.000,,6.2,,96.0,12.0,2.529,2.8,0.011,,
2014-04-08,14426,2014,4,1회차,낙동강,강정고령보(낙동왜관),강정,,,,,,,,1.7,,,,,11.7,,4.8,,,,,,,,,10.1,2.701,0.018,247.0,0,,,,,,,0.162,,,2.172,,,,,8.1,0.000,0.001,,3.8,,30.0,16.0,2.877,2.2,0.036,,
2015-04-07,15442,2015,4,1회차,낙동강,강정고령보(낙동왜관),강정,,,,,,,,1.6,,,,,12.5,,5.0,,,,,,,,,11.1,2.514,0.011,194.0,,,,,,,,0.092,,,2.127,,,,,8.0,,0.009,,3.8,,,12.0,2.643,,0.020,,
2011-04-26,52928,2011,4,2회차,낙동강,강정고령보(낙동왜관),강정,,,,,,,,1.4,,,,,,,4.4,,,,,,,,,10.9,,,232.0,,,,,,,,,,,,,,,,8.1,,,,27.2,,,13.0,,,,,
2015-04-14,54258,2015,4,2회차,낙동강,강정고령보(낙동왜관),강정,,,,,,,,1.8,,,,,7.3,,4.8,,,,,,,,,11.2,2.264,0.011,212.0,50,,,,,,,0.087,,,2.211,,,,,7.8,0.000,0.006,,2.6,,500.0,14.0,2.34,1.9,0.014,,
2015-04-21,73160,2015,4,3회차,낙동강,강정고령보(낙동왜관),강정,,,,,,,,1.4,,,,,6.5,,4.2,,,,,,,,,10.8,2.212,0.008,209.0,,,,,,,,0.093,,,2.067,,,,,8.2,,0.007,,2.2,,,15.0,2.243,,0.017,,
2015-04-28,89829,2015,4,4회차,낙동강,강정고령보(낙동왜관),강정,,,,,,,,1.5,,,,,13.3,,4.8,,,,,,,,,10.5,1.992,0.008,213.0,,,,,,,,0.100,,,1.728,,,,,8.3,,0.004,,3.6,,,17.0,2.017,,0.013,,
2011-05-16,16072,2011,5,1회차,낙동강,강정고령보(낙동왜관),강정,,,,,0.00000,,,0.9,,0.00000,,,8.8,,4.6,,,0.000,,,,,,7.6,2.754,0.026,186.0,7,,,,,0.0000000,,0.036,,,2.628,,0.00000,,,8.0,0.000,0.020,,48.8,,620.0,17.0,2.837,,0.055,,
2012-05-09,16888,2012,5,1회차,낙동강,강정고령보(낙동왜관),강정,,,,,,,,1.8,,,,,16.5,,5.0,,,,,,,,,9.6,2.136,0.017,169.0,2,,,,,,,0.047,,,2.093,,,,,9.0,0.000,0.001,,6.8,,230.0,20.0,2.21,1.9,0.024,,
2013-05-13,17476,2013,5,1회차,낙동강,강정고령보(낙동왜관),강정,,,,,,,,1.6,,,,,7.5,,3.6,,,,,,,,,9.4,1.614,0.007,193.0,0,,,,,,,0.048,,,1.553,,,,,8.6,0.000,0.001,,4.6,,80.0,22.0,1.719,2.1,0.012,,
2014-05-13,18445,2014,5,1회차,낙동강,강정고령보(낙동왜관),강정,,,,,,,,2.1,,,,,8.9,,5.2,,,,,,,,,8.0,2.185,0.032,226.0,24,,,,,,,0.144,,,1.977,,,,,8.1,0.000,0.012,,14.6,,80.0,20.0,2.281,2.4,0.033,,
2015-05-06,19660,2015,5,1회차,낙동강,강정고령보(낙동왜관),강정,,,,,,,,1.8,,,,,3.6,,5.6,,,,,,,,,10.4,2.021,0.014,128.0,,,,,,,,0.128,,,1.743,,,,,8.4,,0.007,,2.0,,,23.0,2.031,,0.019,,
2011-05-24,54508,2011,5,2회차,낙동강,강정고령보(낙동왜관),강정,,,,,,,,1.0,,,,,,,4.4,,,,,,,,,8.5,,,229.0,,,,,,,,,,,,,,,,8.1,,,,35.0,,,19.0,,,,,
2015-05-12,55961,2015,5,2회차,낙동강,강정고령보(낙동왜관),강정,,,,,,,,2.3,,,,,10.3,,5.6,,,,,,,,,8.1,1.936,0.002,206.0,0,,,,,,,0.119,,,1.425,,,,,8.1,0.000,0.001,,4.0,,20.0,19.0,1.977,2.2,0.006,,
2015-05-19,74812,2015,5,3회차,낙동강,강정고령보(낙동왜관),강정,,,,,,,,1.2,,,,,18.2,,5.6,,,,,,,,,15.4,2.236,0.014,212.0,,,,,,,,0.120,,,1.298,,,,,8.5,,0.002,,4.2,,,20.0,2.27,,0.021,,
2015-05-27,91223,2015,5,4회차,낙동강,강정고령보(낙동왜관),강정,,,,,,,,1.3,,,,,7.4,,4.6,,,,,,,,,6.7,1.594,0.013,227.0,,,,,,,,0.135,,,1.215,,,,,8.6,,0.002,,2.4,,,23.0,1.705,,0.017,,
2011-06-02,20388,2011,6,1회차,낙동강,강정고령보(낙동왜관),강정,,0.00,,,0.00000,,,0.9,,0.00000,,,7.0,0.00,5.4,,,0.000,,,,,,8.5,2.211,0.009,215.0,83,,,,,0.0000000,,0.077,,,1.773,,0.00000,,,8.1,0.000,0.007,,59.5,,420.0,19.0,2.407,,0.074,,
2012-06-13,20691,2012,6,1회차,낙동강,강정고령보(낙동왜관),강정,,0.00,,,0.00000,,,1.3,,0.00000,,,6.0,0.00,5.2,,,0.000,,,,,,9.8,1.827,0.005,220.0,0,,,,,0.0000000,,0.098,,,1.523,,0.00000,,,8.5,0.000,0.002,,4.0,,4.0,26.0,1.956,3.5,0.014,,
2013-06-20,21366,2013,6,1회차,낙동강,강정고령보(낙동왜관),강정,,0.00,,,0.00000,,,1.8,,0.00000,,,3.2,0.00,9.0,,,0.000,,,,,,8.3,2.567,0.093,121.0,2,,,,,0.0000000,,0.220,,,2.126,,0.00000,,,7.5,0.000,0.056,,104.8,,48.0,21.0,2.657,2.4,0.098,,
2014-06-10,22583,2014,6,1회차,낙동강,강정고령보(낙동왜관),강정,,0.00,,0.0000,0.00000,,,1.9,,0.00000,,,17.3,0.00,5.4,,,0.000,,,,,,8.2,1.636,0.014,249.0,6,,,,,0.0000000,,0.181,,,1.143,,0.00000,,,8.3,0.000,0.008,,4.6,,40.0,23.0,1.716,2.5,0.027,,
2015-06-02,23647,2015,6,1회차,낙동강,강정고령보(낙동왜관),강정,,,,,,,,0.8,,,,,7.0,,5.2,,,,,,,,,10.6,3.271,0.002,232.0,,,,,,,,0.309,,,1.081,,,,,8.7,,0.001,,2.0,,,24.0,3.327,,0.004,,
2011-06-20,56083,2011,6,2회차,낙동강,강정고령보(낙동왜관),강정,,,,,,,,1.5,,,,,,,4.6,,,,,,,,,8.9,,,204.0,,,,,,,,,,,,,,,,8.4,,,,27.2,,,25.0,,,,,
2015-06-09,57525,2015,6,2회차,낙동강,강정고령보(낙동왜관),강정,,0.00,,0.0000,0.00000,,,1.3,,0.00000,,,4.5,0.00,5.6,,,0.000,,,,,,11.1,0.002,2.539,239.0,0,,,,,0.0000000,,0.268,,,0.919,,0.00000,,,8.3,0.000,0.001,,1.4,,14.0,26.0,3.08,2.8,0.003,,
2015-06-16,76330,2015,6,3회차,낙동강,강정고령보(낙동왜관),강정,,,,,,,,0.8,,,,,10.5,,4.6,,,,,,,,,6.1,1.467,0.010,233.0,,,,,,,,0.105,,,0.937,,,,,8.5,,0.001,,2.4,,,26.0,1.511,,0.016,,
2015-06-23,92618,2015,6,4회차,낙동강,강정고령보(낙동왜관),강정,,,,,,,,1.3,,,,,15.2,,5.4,,,,,,,,,5.7,1.691,0.008,238.0,,,,,,,,0.094,,,0.978,,,,,8.3,,0.001,,3.8,,,26.0,1.778,,0.009,,
2011-07-06,24304,2011,7,1회차,낙동강,강정고령보(낙동왜관),강정,,,,,0.00000,,,1.2,,0.00000,,,5.7,,5.0,,,0.000,,,,,,7.7,2.601,0.054,150.0,110,,,,,0.0000000,,0.008,,,2.410,,0.00000,,,7.7,0.000,0.046,,26.0,,840.0,25.0,2.634,2.9,0.077,,
2012-07-11,24862,2012,7,1회차,낙동강,강정고령보(낙동왜관),강정,,,,,,,,1.3,,,,,9.0,,8.0,,,,,,,,,7.6,2.981,0.045,150.0,32,,,,,,,0.073,,,2.413,,,,,7.6,0.000,0.035,,18.8,,16.0,24.0,3.043,3.8,0.078,,
2013-07-09,25678,2013,7,1회차,낙동강,강정고령보(낙동왜관),강정,,,,,,,,1.1,,,,,5.2,,6.4,,,,,,,,,6.9,2.299,0.070,153.0,270,,,,,,,0.106,,,1.988,,,,,7.9,0.000,0.054,,16.0,,900.0,25.0,2.452,3.9,0.127,,
2014-07-08,26476,2014,7,1회차,낙동강,강정고령보(낙동왜관),강정,,,,,,,,1.7,,,,,6.1,,5.0,,,,,,,,,6.7,1.486,0.014,218.0,220,,,,,,,0.283,,,0.940,,,,,8.1,0.000,0.013,,4.2,,610.0,27.0,1.509,2.6,0.022,,
2015-07-07,27496,2015,7,1회차,낙동강,강정고령보(낙동왜관),강정,,,,,,,,1.3,,,,,20.6,,5.4,,,,,,,,,7.7,1.425,0.036,212.0,,,,,,,,0.081,,,0.951,,,,,8.3,,0.001,,4.4,,,24.0,1.474,,0.038,,
2015-07-14,59147,2015,7,2회차,낙동강,강정고령보(낙동왜관),강정,,,,,,,,1.2,,,,,6.9,,4.6,,,,,,,,,8.5,1.926,0.047,217.0,48,,,,,,,0.047,,,1.341,,,,,8.0,0.000,0.041,,3.6,,340.0,25.0,2.043,3.3,0.054,,
2015-07-21,77951,2015,7,3회차,낙동강,강정고령보(낙동왜관),강정,,,,,,,,1.8,,,,,18.9,,4.6,,,,,,,,,7.4,2.079,0.024,223.0,,,,,,,,0.139,,,1.558,,,,,8.4,,0.005,,4.6,,,26.0,2.183,,0.032,,
2015-07-28,93777,2015,7,4회차,낙동강,강정고령보(낙동왜관),강정,,,,,,,,1.6,,,,,21.7,,6.0,,,,,,,,,9.1,1.629,0.006,226.0,,,,,,,,0.096,,,1.183,,,,,9.1,,0.003,,5.0,,,29.0,1.645,,0.015,,
2011-08-11,28283,2011,8,1회차,낙동강,강정고령보(낙동왜관),강정,,,,,,,,1.0,,,,,4.4,,8.0,,,,,,,,,8.8,1.95,0.042,113.0,190,,,,,,,0.053,,,1.418,,,,,7.4,0.000,0.032,,86.0,,1100.0,24.0,2.157,3.3,0.085,,
2012-08-14,28893,2012,8,1회차,낙동강,강정고령보(낙동왜관),강정,,,,,,,,1.7,,,,,3.7,,6.6,,,,,,,,,7.6,1.764,0.040,172.0,0,,,,,,,0.060,,,1.402,,,,,8.1,0.000,0.022,,22.2,,0.0,27.0,1.854,2.5,0.083,,
2013-08-27,29537,2013,8,1회차,낙동강,강정고령보(낙동왜관),강정,,,,,,,,2.2,,,,,18.2,,5.4,,,,,,,,,8.2,1.84,0.070,203.0,150,,,,,,,0.096,,,1.249,,,,,8.5,0.000,0.002,,4.4,,960.0,29.0,1.967,2.4,0.073,,
2014-08-12,30673,2014,8,1회차,낙동강,강정고령보(낙동왜관),강정,,,,,,,,1.3,,,,,4.1,,4.0,,,,,,,,,8.3,2.869,0.075,174.0,600,,,,,,,0.118,,,2.320,,,,,7.7,0.000,0.008,,15.2,,1400.0,26.0,2.879,2.8,0.078,,
2015-08-04,31790,2015,8,1회차,낙동강,강정고령보(낙동왜관),강정,,,,,,,,1.3,,,,,10.4,,5.8,,,,,,,,,8.5,1.482,0.017,237.0,,,,,,,,0.088,,,1.090,,,,,8.7,,0.005,,2.0,,,30.0,1.558,,0.029,,
2015-08-11,60938,2015,8,2회차,낙동강,강정고령보(낙동왜관),강정,,,,,,,,1.6,,,,,15.8,,5.8,,,,,,,,,8.0,1.262,0.015,237.0,0,,,,,,,0.073,,,0.897,,,,,8.7,0.000,0.008,,2.0,,10.0,29.0,1.307,3.0,0.028,,
2015-08-18,79515,2015,8,3회차,낙동강,강정고령보(낙동왜관),강정,,,,,,,,1.7,,,,,8.5,,6.0,,,,,,,,,10.9,1.295,0.016,270.0,,,,,,,,0.117,,,0.782,,,,,8.5,,0.011,,2.8,,,29.0,1.312,,0.024,,
2015-08-26,94814,2015,8,4회차,낙동강,강정고령보(낙동왜관),강정,,,,,,,,1.2,,,,,12.6,,6.2,,,,,,,,,7.6,1.266,0.028,239.0,,,,,,,,0.108,,,0.728,,,,,8.1,,0.017,,5.4,,,27.0,1.318,,0.051,,
2011-09-14,32239,2011,9,1회차,낙동강,강정고령보(낙동왜관),강정,,0.00,,,0.00000,,,1.0,,0.00000,,,4.9,0.00,5.0,,,0.000,,,,,,9.2,2.059,0.048,154.0,100,,,,,0.0000000,,0.050,,,1.452,,0.00000,,,7.8,0.000,0.041,,17.2,,460.0,24.0,2.097,2.4,0.069,,
2012-09-12,32935,2012,9,1회차,낙동강,강정고령보(낙동왜관),강정,,,,,,,,0.7,,0.00000,,,4.5,0.00,5.0,,,0.000,,,,,,8.7,2.414,0.027,133.0,400,,,,,,,0.016,,,2.078,,,,,7.7,0.000,0.025,,19.0,,1200.0,22.0,2.462,2.4,0.047,,
2013-09-10,33659,2013,9,1회차,낙동강,강정고령보(낙동왜관),강정,,0.00,,0.0000,0.00000,,,0.8,,0.00000,,,5.0,0.00,3.6,,,0.000,,,,,,7.5,1.369,0.023,211.0,110,,,,,0.0000000,,0.168,,,1.065,,0.00000,,,8.1,0.000,0.020,,3.8,,730.0,26.0,1.519,2.3,0.035,,
2014-09-11,34632,2014,9,1회차,낙동강,강정고령보(낙동왜관),강정,,0.00,,0.0000,0.00000,,,2.6,,0.00000,,,29.2,0.00,5.6,,,0.000,,,,,,8.3,2.83,0.015,205.0,0,,,,,0.0000000,,0.075,,,2.270,,0.00000,,,8.5,0.000,0.003,,4.4,,10.0,27.0,2.941,3.1,0.031,,
2015-09-02,35812,2015,9,1회차,낙동강,강정고령보(낙동왜관),강정,,,,,,,,1.0,,,,,17.5,,5.4,,,,,,,,,9.0,1.279,0.018,263.0,,,,,,,,0.071,,,0.736,,,,,8.0,,0.010,,2.6,,,26.0,1.332,,0.029,,
2015-09-08,62532,2015,9,2회차,낙동강,강정고령보(낙동왜관),강정,,0.00,,0.0000,0.00000,,,1.9,,0.00000,,,16.5,0.00,6.2,,,0.000,,,,,,9.1,1.081,0.020,260.0,2,,,,,0.0000000,,0.163,,,0.539,,0.00000,,,8.1,0.000,0.015,,4.0,,60.0,25.0,1.121,2.6,0.031,,
2015-09-15,81188,2015,9,3회차,낙동강,강정고령보(낙동왜관),강정,,,,,,,,1.3,,,,,67.7,,7.2,,,,,,,,,12.5,0.673,0.027,265.0,,,,,,,,0.055,,,0.361,,,,,9.1,,0.003,,5.2,,,24.0,0.868,,0.035,,
2015-09-22,95956,2015,9,4회차,낙동강,강정고령보(낙동왜관),강정,,,,,,,,2.5,,,,,11.5,,7.4,,,,,,,,,12.0,0.903,0.018,275.0,,,,,,,,0.115,,,0.281,,,,,9.0,,0.008,,2.8,,,25.0,0.948,,0.027,,
2011-10-12,36257,2011,10,1회차,낙동강,강정고령보(낙동왜관),강정,,,,,,,,1.0,,,,,11.4,,3.8,,,,,,,,,10.3,1.97,0.022,192.0,20,,,,,,,0.024,,,1.386,,,,,9.2,0.000,0.018,,14.0,,200.0,18.0,1.997,1.9,0.029,,
2012-10-17,36945,2012,10,1회차,낙동강,강정고령보(낙동왜관),강정,,,,,,,,1.5,,,,,6.2,,5.8,,,,,,,,,11.4,1.813,0.030,205.0,240,,,,,,,0.061,,,2.105,,,,,9.0,0.000,0.006,,14.8,,1500.0,18.0,2.263,2.6,0.057,,
2013-10-15,37755,2013,10,1회차,낙동강,강정고령보(낙동왜관),강정,,,,,,,,1.6,,,,,32.9,,5.4,,,,,,,,,6.9,2.371,0.028,215.0,310,,,,,,,0.128,,,1.884,,,,,8.3,0.000,0.014,,8.2,,1100.0,20.0,2.468,2.4,0.076,,
2014-10-14,38653,2014,10,1회차,낙동강,강정고령보(낙동왜관),강정,,,,,,,,1.9,,,,,25.4,,5.4,,,,,,,,,8.5,2.174,0.034,197.0,290,,,,,,,0.117,,,1.820,,,,,8.5,0.000,0.011,,7.4,,1100.0,19.0,2.24,3.0,0.038,,
2015-10-06,39834,2015,10,1회차,낙동강,강정고령보(낙동왜관),강정,,,,,,,,3.0,,,,,37.7,,7.4,,,,,,,,,10.5,0.952,0.027,283.0,,,,,,,,0.066,,,0.541,,,,,8.6,,0.009,,3.2,,,23.0,1.083,,0.046,,
2015-10-13,64266,2015,10,2회차,낙동강,강정고령보(낙동왜관),강정,,,,,,,,2.5,,,,,23.7,,6.2,,,,,,,,,11.1,0.572,0.014,284.0,2,,,,,,,0.037,,,0.357,,,,,8.8,0.000,0.006,,6.6,,83.0,20.0,0.732,2.9,0.030,,
2015-10-20,82778,2015,10,3회차,낙동강,강정고령보(낙동왜관),강정,,,,,,,,2.0,,,,,15.0,,5.8,,,,,,,,,12.7,0.887,0.013,298.0,,,,,,,,0.033,,,0.584,,,,,9.0,,0.004,,3.6,,,20.0,0.918,,0.017,,
2015-10-27,97444,2015,10,4회차,낙동강,강정고령보(낙동왜관),강정,,,,,,,,2.0,,,,,19.9,,5.2,,,,,,,,,11.9,1.057,0.013,317.0,,,,,,,,0.038,,,0.752,,,,,8.5,,0.003,,4.4,,,18.0,1.172,,0.029,,
2011-11-08,40544,2011,11,1회차,낙동강,강정고령보(낙동왜관),강정,,,,,,,,1.2,,,,,25.1,,4.0,,,,,,,,,10.1,2.234,0.014,214.0,32,,,,,,,0.015,,,1.561,,,,,8.4,0.000,0.008,,16.4,,320.0,17.0,2.445,2.0,0.052,,
2012-11-14,41154,2012,11,1회차,낙동강,강정고령보(낙동왜관),강정,,,,,,,,1.5,,,,,20.6,,4.4,,,,,,,,,12.1,1.781,0.004,221.0,58,,,,,,,0.058,,,2.187,,,,,8.2,0.000,0.001,,6.2,,500.0,11.0,2.229,2.4,0.017,,
2013-11-12,42006,2013,11,1회차,낙동강,강정고령보(낙동왜관),강정,,,,,,,,1.9,,,,,32.2,,4.8,,,,,,,,,12.7,2.311,0.013,224.0,8,,,,,,,0.019,,,0.957,,,,,9.3,0.000,0.002,,17.6,,120.0,13.0,2.457,2.8,0.073,,
2014-11-11,42816,2014,11,1회차,낙동강,강정고령보(낙동왜관),강정,,,,,,,,1.8,,,,,6.9,,5.0,,,,,,,,,10.0,2.595,0.060,197.0,42,,,,,,,0.242,,,2.220,,,,,8.0,0.000,0.014,,6.8,,320.0,14.0,2.597,2.3,0.061,,
2015-11-03,44106,2015,11,1회차,낙동강,강정고령보(낙동왜관),강정,,,,,,,,1.9,,,,,12.3,,5.4,,,,,,,,,12.9,0.99,0.013,306.0,,,,,,,,0.090,,,0.560,,,,,8.6,,0.002,,3.4,,,15.0,1.027,,0.019,,
2015-11-10,66015,2015,11,2회차,낙동강,강정고령보(낙동왜관),강정,,,,,,,,1.2,,,,,8.3,,5.0,,,,,,,,,10.1,1.075,0.014,284.0,56,,,,,,,0.087,,,0.463,,,,,8.3,0.000,0.006,,3.2,,500.0,15.0,1.186,2.9,0.044,,
2015-11-17,84578,2015,11,3회차,낙동강,강정고령보(낙동왜관),강정,,,,,,,,1.1,,,,,11.8,,4.6,,,,,,,,,10.8,0.9,0.011,278.0,,,,,,,,0.239,,,0.548,,,,,8.5,,0.008,,2.8,,,15.0,0.916,,0.014,,
2015-11-24,99001,2015,11,4회차,낙동강,강정고령보(낙동왜관),강정,,,,,,,,1.2,,,,,16.2,,4.8,,,,,,,,,11.2,1.067,0.007,313.0,,,,,,,,0.119,,,0.658,,,,,8.5,,0.001,,3.8,,,13.0,1.113,,0.010,,
2011-12-13,44415,2011,12,1회차,낙동강,강정고령보(낙동왜관),강정,,0.00,,,0.00000,,,0.7,,0.00000,,,3.3,0.00,3.2,,,0.000,,,,,,12.8,3.301,0.037,226.0,16,,,,,0.0000000,,0.067,,,2.910,,0.00000,,,8.1,0.000,0.036,,8.0,,340.0,6.0,3.584,1.8,0.047,,
2012-12-12,45227,2012,12,1회차,낙동강,강정고령보(낙동왜관),강정,,0.00,,,0.00000,,,2.0,,0.00000,,,17.7,0.00,4.4,,,0.000,,,,,,13.9,2.485,0.003,221.0,50,,,,,0.0000000,,0.044,,,2.345,,0.00000,,,8.5,0.000,0.002,,3.4,,600.0,3.0,2.504,2.8,0.007,,
2013-12-10,46071,2013,12,1회차,낙동강,강정고령보(낙동왜관),강정,,0.00,,0.0000,0.00000,,,1.8,,0.00000,,,11.8,0.00,3.2,,,0.000,,,,,,13.8,2.37,0.023,236.0,0,,,,,0.0000000,,0.068,,,1.022,,0.00000,,,8.5,0.000,0.003,,3.8,,60.0,7.0,2.403,1.7,0.037,,
2014-12-09,46985,2014,12,1회차,낙동강,강정고령보(낙동왜관),강정,,0.00,,0.0000,0.00000,,,2.0,,0.00000,,,12.6,0.00,5.2,,,0.000,,,,,,13.6,2.686,0.014,241.0,4,,,,,0.0000000,,0.108,,,2.660,,0.00000,,,7.9,0.000,0.010,,4.2,,110.0,6.0,2.723,2.6,0.015,,
2015-12-02,48178,2015,12,1회차,낙동강,강정고령보(낙동왜관),강정,,,,,,,,1.1,,,,,18.6,,5.2,,,,,,,,,10.9,1.555,0.010,313.0,,,,,,,,0.088,,,1.167,,,,,8.0,,0.004,,5.6,,,10.0,1.598,,0.012,,
2015-12-08,67671,2015,12,2회차,낙동강,강정고령보(낙동왜관),강정,,0.00,,0.0000,0.00000,,,1.1,,0.00000,,,17.0,0.00,5.0,,,0.000,,,,,,12.4,1.636,0.008,312.0,2,,,,,0.0000000,,0.128,,,1.232,,0.00000,,,8.1,0.000,0.006,,4.4,,73.0,9.0,1.679,2.8,0.010,,
2015-12-15,85649,2015,12,3회차,낙동강,강정고령보(낙동왜관),강정,,,,,,,,1.3,,,,,17.0,,5.0,,,,,,,,,12.2,2.026,0.007,313.0,,,,,,,,0.129,,,1.608,,,,,8.0,,0.006,,3.8,,,9.0,2.072,,0.010,,
2015-12-22,99619,2015,12,4회차,낙동강,강정고령보(낙동왜관),강정,,,,,,,,1.3,,,,,7.7,,4.4,,,,,,,,,13.0,1.969,0.008,313.0,,,,,,,,0.078,,,1.651,,,,,7.9,,0.003,,3.8,,,7.0,1.985,,0.012,,
2016-01-05,83,2016,1,1회차,낙동강,강정고령보(낙동왜관),강정,,,,,,,,1.3,,,,,7.8,,3.6,,,,,,,,,13.7,2.491,0.011,316.0,,,,,,,,0.070,,,2.002,,,,,8.0,,0.002,,2.8,,,5.0,2.541,,0.013,,
2016-01-12,945,2016,1,2회차,낙동강,강정고령보(낙동왜관),강정,,,,,,,,1.2,,,,,6.4,,3.8,,,,,,,,,14.5,2.711,0.009,335.0,0,,,,,,,0.115,,,2.424,,,,,8.1,0.000,0.003,,2.4,,30,4.0,2.787,1.8,0.014,,
2016-01-19,1255,2016,1,3회차,낙동강,강정고령보(낙동왜관),강정,,,,,,,,1.2,,,,,7.3,,4.0,,,,,,,,,13.7,2.943,0.010,350.0,,,,,,,,0.303,,,2.633,,,,,8.1,,0.009,,2.6,,,2.0,2.972,,0.014,,
2016-01-26,1582,2016,1,4회차,낙동강,강정고령보(낙동왜관),강정,,,,,,,,1.1,,,,,4.8,,3.4,,,,,,,,,16.2,2.635,0.007,337.0,,,,,,,,0.144,,,2.225,,,,,8.1,,0.003,,1.0,,,1.0,2.660,,0.012,,
2016-02-02,1927,2016,2,1회차,낙동강,강정고령보(낙동왜관),강정,,,,,,,,1.3,,,,,3.5,,4.8,,,,,,,,,15.7,2.798,0.011,372.0,,,,,,,,0.145,,,2.783,,,,,7.9,,0.006,,3.0,,,3.0,2.852,,0.021,,
2016-02-11,2526,2016,2,2회차,낙동강,강정고령보(낙동왜관),강정,,,,,,,,1.4,,,,,2.0,,4.4,,,,,,,,,14.8,2.818,0.008,360.0,0,,,,,,,0.179,,,2.638,,,,,8.2,0.000,0.004,,2.2,,14,5.0,2.906,2.3,0.012,,
2016-02-16,2951,2016,2,3회차,낙동강,강정고령보(낙동왜관),강정,,,,,,,,1.3,,,,,9.7,,4.0,,,,,,,,,15.8,2.833,0.010,356.0,,,,,,,,0.168,,,2.820,,,,,8.2,,0.008,,2.2,,,4.0,2.836,,0.018,,
2016-02-23,3387,2016,2,4회차,낙동강,강정고령보(낙동왜관),강정,,,,,,,,1.3,,,,,9.4,,4.4,,,,,,,,,14.4,2.985,0.013,357.0,,,,,,,,0.184,,,2.901,,,,,8.3,,0.005,,1.2,,,6.0,2.987,,0.021,,
2016-03-08,3863,2016,3,1회차,낙동강,강정고령보(낙동왜관),강정,,,,,,,,2.3,,,,,10.4,,4.8,,,,,,,,,14.0,3.089,0.016,343.0,,,,,,,,0.045,,,2.933,,,,,8.1,,0.003,,7.2,,,7.0,3.130,,0.028,,
2016-03-15,4527,2016,3,2회차,낙동강,강정고령보(낙동왜관),강정,,0.00,,0.0000,0.00000,,,2.2,,0.00000,,,29.5,0.00,6.0,,,0.000,,,,,,9.8,6.715,0.023,342.0,0,,,,,0.0000000,,0.137,,,3.428,,0.00000,,,8.5,0.000,0.005,,8.2,,140,9.0,6.986,2.8,0.040,,
2016-03-22,4895,2016,3,3회차,낙동강,강정고령보(낙동왜관),강정,,,,,,,,2.2,,,,,22.9,,6.8,,,,,,,,,13.8,3.317,0.013,336.0,,,,,,,,0.118,,,3.188,,,,,8.9,,0.005,,5.6,,,13.0,3.336,,0.022,,
2016-03-29,5281,2016,3,4회차,낙동강,강정고령보(낙동왜관),강정,,,,,,,,2.0,,,,,11.8,,6.8,,,,,,,,,14.1,3.316,0.012,252.0,,,,,,,,0.142,,,3.198,,,,,8.9,,0.005,,3.0,,,12.0,3.395,,0.020,,
2016-04-05,5728,2016,4,1회차,낙동강,강정고령보(낙동왜관),강정,,,,,,,,2.2,,,,,8.7,,5.8,,,,,,,,,10.8,2.908,0.011,308.0,,,,,,,,0.099,,,2.674,,,,,8.2,,0.004,,6.0,,,14.0,2.973,,0.024,,
2016-04-11,6469,2016,4,2회차,낙동강,강정고령보(낙동왜관),강정,,,,,,,,2.5,,,,,9.7,,5.7,,,,,,,,,10.8,3.186,0.010,278.0,3,,,,,,,0.094,,,2.588,,,,,8.3,정량한계미만,0.005,,9.8,,256,12.7,3.259,4.4,0.026,,
2016-04-18,6890,2016,4,3회차,낙동강,강정고령보(낙동왜관),강정,,,,,,,,2.5,,,,,14.7,,6.4,,,,,,,,,12.3,2.972,0.021,286.0,,,,,,,,0.046,,,2.382,,,,,8.1,,0.003,,7.4,,,17.9,2.989,,0.037,,
2016-04-25,7339,2016,4,4회차,낙동강,강정고령보(낙동왜관),강정,,,,,,,,2.1,,,,,18.7,,6.1,,,,,,,,,10.6,2.539,0.011,224.0,,,,,,,,0.029,,,2.122,,,,,8.1,,0.004,,8.8,,,17.3,2.611,,0.038,,
2016-05-09,8091,2016,5,1회차,낙동강,강정고령보(낙동왜관),강정,,,,,,,,2.5,,,,,22.0,,6.9,,,,,,,,,9.5,2.573,0.025,224.0,8,,,,,,,0.042,,,2.099,,,,,8.0,정량한계미만,0.006,,10.2,,73,18.6,2.585,4.9,0.034,,
2016-05-16,8891,2016,5,2회차,낙동강,강정고령보(낙동왜관),강정,,,,,,,,2.4,,,,,23.7,,5.6,,,,,,,,,9.2,2.394,0.020,233.0,,,,,,,,0.070,,,1.883,,,,,7.8,,0.007,,9.4,,,18.3,2.448,,0.022,,
2016-05-23,9328,2016,5,3회차,낙동강,강정고령보(낙동왜관),강정,,,,,,,,1.9,,,,,13.0,,5.9,,,,,,,,,9.3,2.073,0.017,240.0,,,,,,,,0.048,,,1.655,,,,,8.4,,0.004,,6.6,,,22.2,2.137,,0.037,,
2016-06-07,10117,2016,6,1회차,낙동강,강정고령보(낙동왜관),강정,,,,,,,,1.0,,,,,4.7,,5.5,,,,,,,,,8.2,1.597,0.013,268.0,,,,,,,,0.112,,,1.228,,,,,7.8,,0.006,,4.0,,,23.9,1.759,,0.019,,
2016-06-13,10901,2016,6,2회차,낙동강,강정고령보(낙동왜관),강정,,정량한계미만,,정량한계미만,정량한계미만,,,2.7,,정량한계미만,,,6.7,정량한계미만,7.1,,,정량한계미만,,,,,,7.4,1.612,0.018,274.0,24,,,,,정량한계미만,,0.152,,,1.105,,정량한계미만,,,8.1,정량한계미만,0.010,,6.2,,650,25.1,1.731,4.8,0.038,,
2016-06-20,11334,2016,6,3회차,낙동강,강정고령보(낙동왜관),강정,,,,,,,,2.0,,,,,10.6,,5.1,,,,,,,,,8.0,1.144,0.013,267.0,,,,,,,,0.097,,,0.843,,,,,8.0,,정량한계미만,,6.0,,,25.7,1.293,,0.026,,
2016-06-27,11756,2016,6,4회차,낙동강,강정고령보(낙동왜관),강정,,,,,,,,2.7,,,,,20.6,,5.7,,,,,,,,,8.1,1.169,0.015,257.0,,,,,,,,0.119,,,0.788,,,,,8.2,,0.003,,9.0,,,25.8,1.370,,0.039,,
2016-07-04,12246,2016,7,1회차,낙동강,강정고령보(낙동왜관),강정,,,,,,,,3.3,,,,,6.4,,6.2,,,,,,,,,8.0,1.306,0.034,227.0,,,,,,,,0.172,,,0.962,,,,,7.7,,0.028,,19.6,,,23.8,1.444,,0.062,,
2016-07-11,13089,2016,7,2회차,낙동강,강정고령보(낙동왜관),강정,,,,,,,,1.7,,,,,5.5,,9.3,,,,,,,,,8.4,3.329,0.083,161.0,92,,,,,,,0.051,,,2.759,,,,,7.4,정량한계미만,0.082,,18.0,,4500,25.6,3.511,6.3,0.115,,
2016-07-18,13523,2016,7,3회차,낙동강,강정고령보(낙동왜관),강정,,,,,,,,2.9,,,,,26.7,,6.5,,,,,,,,,8.6,3.233,0.029,210.0,,,,,,,,0.028,,,2.758,,,,,8.2,,0.015,,5.2,,,3.8,3.421,,0.044,,
2016-08-16,14858,2016,8,1회차,낙동강,강정고령보(낙동왜관),강정,,,,,,,,2.7,,,,,16.2,,6.5,,,,,,,,,6.5,1.758,0.026,249.0,4,,,,,,,0.043,,,1.321,,,,,8.0,정량한계미만,0.008,,5.8,,41,30.5,1.946,4.3,0.040,,
2016-08-22,15377,2016,8,2회차,낙동강,강정고령보(낙동왜관),강정,,,,,,,,2.4,,,,,27.9,,7.1,,,,,,,,,7.8,1.564,0.016,242.0,,,,,,,,0.026,,,0.942,,,,,8.7,,정량한계미만,,6.8,,,30.9,1.743,,0.039,,
2016-09-05,16366,2016,9,1회차,낙동강,강정고령보(낙동왜관),강정,,,,,,,,1.8,,,,,20.1,,6.0,,,,,,,,,8.8,1.559,0.012,210.0,,,,,,,,0.051,,,1.196,,,,,8.1,,정량한계미만,,8.0,,,24.8,1.644,,0.035,,
2016-09-19,17253,2016,9,2회차,낙동강,강정고령보(낙동왜관),강정,,정량한계미만,,정량한계미만,정량한계미만,,,2.0,,정량한계미만,,,6.2,정량한계미만,9.1,,,정량한계미만,,,,,,8.9,2.642,0.084,178.0,1150,,,,,정량한계미만,,0.079,,,2.063,,정량한계미만,,,7.6,정량한계미만,0.074,,22.4,,15500,21.7,2.771,6.9,0.116,,
2016-09-26,17691,2016,9,3회차,낙동강,강정고령보(낙동왜관),강정,,,,,,,,2.5,,,,,17.8,,10.0,,,,,,,,,8.8,2.503,0.046,186.0,,,,,,,,0.033,,,2.068,,,,,7.7,,0.037,,7.2,,,21.3,2.565,,0.061,,
2016-10-04,18152,2016,10,1회차,낙동강,강정고령보(낙동왜관),강정,,,,,,,,1.4,,,,,6.5,,7.6,,,,,,,,,8.6,2.633,0.062,206.0,,,,,,,,0.070,,,2.051,,,,,7.6,,0.059,,16.8,,,22.4,2.668,,0.093,,
2016-10-10,19045,2016,10,2회차,낙동강,강정고령보(낙동왜관),강정,,,,,,,,0.9,,,,,11.5,,6.5,,,,,,,,,9.3,2.412,0.042,205.0,440,,,,,,,0.018,,,2.099,,,,,7.9,정량한계미만,0.034,,7.6,,2250,19.0,2.496,4.4,0.056,,
2016-10-17,19476,2016,10,3회차,낙동강,강정고령보(낙동왜관),강정,,,,,,,,2.5,,,,,21.5,,7.9,,,,,,,,,9.7,2.458,0.034,215.0,,,,,,,,0.022,,,2.076,,,,,7.2,,0.026,,10.0,,,19.4,2.478,,0.042,,
2016-10-24,19913,2016,10,4회차,낙동강,강정고령보(낙동왜관),강정,,,,,,,,2.1,,,,,16.7,,7.0,,,,,,,,,9.7,2.458,0.022,210.0,,,,,,,,0.054,,,2.168,,,,,7.7,,0.013,,7.6,,,17.8,2.569,,0.044,,
2016-11-07,20834,2016,11,1회차,낙동강,강정고령보(낙동왜관),강정,,,,,,,,1.6,,,,,56.2,,6.4,,,,,,,,,11.4,2.446,0.010,249.0,19,,,,,,,0.010,,,2.070,,,,,8.5,정량한계미만,0.006,,15.2,,198,14.7,2.504,4.8,0.022,,
2016-11-14,21538,2016,11,2회차,낙동강,강정고령보(낙동왜관),강정,,,,,,,,1.3,,,,,18.5,,5.5,,,,,,,,,11.9,2.509,0.009,261.0,,,,,,,,0.018,,,2.036,,,,,8.6,,0.004,,7.2,,,13.6,2.553,,0.019,,
2016-11-21,21971,2016,11,3회차,낙동강,강정고령보(낙동왜관),강정,,,,,,,,2.3,,,,,10.8,,5.1,,,,,,,,,11.2,2.364,0.007,263.0,,,,,,,,0.011,,,2.000,,,,,8.3,,0.005,,4.0,,,12.3,2.569,,0.018,,
2016-12-05,22679,2016,12,1회차,낙동강,강정고령보(낙동왜관),강정,,정량한계미만,,정량한계미만,정량한계미만,,,1.7,,정량한계미만,,,8.1,정량한계미만,4.6,,,정량한계미만,,,,,,11.9,2.473,0.015,268.0,21,,,,,정량한계미만,,0.026,,,2.208,,정량한계미만,,,7.7,정량한계미만,0.014,,4.2,,125,8.2,2.525,3.4,0.018,,
2016-12-12,23505,2016,12,2회차,낙동강,강정고령보(낙동왜관),강정,,,,,,,,1.2,,,,,8.0,,4.4,,,,,,,,,12.2,2.557,0.007,275.0,,,,,,,,0.026,,,2.213,,,,,7.9,,0.005,,2.2,,,6.4,2.633,,0.019,,
2017-01-09,24604,2017,1,1회차,낙동강,강정고령보(낙동왜관),강정,,,,,,,,1.7,,,,,12.2,,5.7,,,,,,,,,13.1,2.845,0.015,285.0,0,,,,,,,0.038,,,2.368,,,,,7.9,정량한계미만,0.007,,4.8,,27,5.2,2.955,4.0,0.023,,
2017-01-16,25274,2017,1,2회차,낙동강,강정고령보(낙동왜관),강정,,,,,,,,1.8,,,,,27.2,,5.5,,,,,,,,,14.5,2.762,0.006,273.0,,,,,,,,0.026,,,2.544,,,,,8.3,,정량한계미만,,5.8,,,2.2,2.847,,0.018,,
2017-02-06,26318,2017,2,1회차,낙동강,강정고령보(낙동왜관),강정,,,,,,,,2.5,,,,,23.4,,6.5,,,,,,,,,14.0,2.935,0.008,283.0,,,,,,,,0.057,,,2.435,,,,,8.6,,정량한계미만,,8.0,,,3.7,2.964,,0.016,,
2017-02-13,27104,2017,2,2회차,낙동강,강정고령보(낙동왜관),강정,,,,,,,,1.9,,,,,17.6,,6.3,,,,,,,,,14.8,2.674,0.005,288.0,0,,,,,,,0.050,,,2.309,,,,,8.7,정량한계미만,정량한계미만,,8.2,,470,3.5,2.765,4.1,0.015,,
2017-02-20,27540,2017,2,3회차,낙동강,강정고령보(낙동왜관),강정,,,,,,,,1.8,,,,,17.4,,5.9,,,,,,,,,14.3,2.701,0.008,291.0,,,,,,,,0.062,,,2.297,,,,,8.5,,정량한계미만,,9.0,,,4.9,2.777,,0.012,,
2017-03-06,28216,2017,3,1회차,낙동강,강정고령보(낙동왜관),강정,,정량한계미만,,정량한계미만,정량한계미만,,,1.6,,정량한계미만,,,12.5,정량한계미만,5.1,,,정량한계미만,,,,,,13.6,2.697,0.008,282.0,0,,,,,정량한계미만,,0.049,,,2.297,,정량한계미만,,,8.6,정량한계미만,정량한계미만,,7.2,,47,6.3,2.876,4.0,0.020,,
2017-03-20,29253,2017,3,2회차,낙동강,강정고령보(낙동왜관),강정,,,,,,,,2.9,,,,,9.6,,5.5,,,,,,,,,12.8,2.659,0.009,287.0,,,,,,,,0.092,,,2.143,,,,,8.7,,0.003,,5.6,,,10.0,2.839,,0.018,,
2017-03-27,29624,2017,3,3회차,낙동강,강정고령보(낙동왜관),강정,,,,,,,,2.3,,,,,10.2,,5.2,,,,,,,,,12.4,2.504,0.014,279.0,,,,,,,,0.060,,,2.060,,,,,8.5,,정량한계미만,,6.0,,,9.8,2.599,,0.022,,
2017-04-03,30180,2017,4,1회차,낙동강,강정고령보(낙동왜관),강정,,,,,,,,2.0,,,,,11.2,,5.1,,,,,,,,,11.6,2.366,0.011,272.0,,,,,,,,0.035,,,2.026,,,,,8.1,,정량한계미만,,4.2,,,12.3,2.516,,0.022,,
2017-04-10,31050,2017,4,2회차,낙동강,강정고령보(낙동왜관),강정,,,,,,,,2.3,,,,,13.8,,4.9,,,,,,,,,11.2,2.339,0.011,273.0,1,,,,,,,0.035,,,1.790,,,,,8.2,정량한계미만,0.006,,5.6,,520,13.7,2.398,3.8,0.026,,
2017-04-17,31474,2017,4,3회차,낙동강,강정고령보(낙동왜관),강정,,,,,,,,2.6,,,,,7.7,,5.5,,,,,,,,,10.3,2.028,0.017,274.0,,,,,,,,0.036,,,1.627,,,,,8.2,,0.009,,5.4,,,14.9,2.059,,0.029,,
2017-04-24,31936,2017,4,4회차,낙동강,강정고령보(낙동왜관),강정,,,,,,,,2.1,,,,,15.3,,5.0,,,,,,,,,10.4,2.106,0.012,254.0,,,,,,,,0.034,,,1.730,,,,,8.2,,0.006,,7.2,,,16.3,2.125,,0.033,,
2017-05-08,32553,2017,5,1회차,낙동강,강정고령보(낙동왜관),강정,,,,,,,,2.9,,,,,10.4,,5.9,,,,,,,,,9.5,2.101,0.020,260.0,5,,,,,,,0.050,,,1.623,,,,,8.3,정량한계미만,0.009,,5.2,,10500,19.5,2.215,4.4,0.030,,
2017-05-15,33331,2017,5,2회차,낙동강,강정고령보(낙동왜관),강정,,,,,,,,1.6,,,,,18.9,,4.8,,,,,,,,,9.6,1.792,0.008,258.0,,,,,,,,0.027,,,1.553,,,,,8.3,,정량한계미만,,6.0,,,19.5,1.880,,0.023,,
2017-05-22,33774,2017,5,3회차,낙동강,강정고령보(낙동왜관),강정,,,,,,,,1.7,,,,,8.8,,4.8,,,,,,,,,9.3,1.826,0.010,258.0,,,,,,,,0.043,,,1.408,,,,,8.6,,정량한계미만,,2.4,,,22.8,2.021,,0.016,,
2017-06-05,34634,2017,6,1회차,낙동강,강정고령보(낙동왜관),강정,,,,,,,,1.4,,,,,6.7,,5.4,,,,,,,,,8.7,1.496,0.013,270.0,,,,,,,,0.128,,,1.005,,,,,8.2,,0.005,,3.0,,,24.1,1.597,,0.023,,
2017-06-12,35444,2017,6,2회차,낙동강,강정고령보(낙동왜관),강정,,정량한계미만,,정량한계미만,정량한계미만,,,2.2,,정량한계미만,,,16.4,정량한계미만,6.8,,,정량한계미만,,,,,,9.2,1.214,0.008,277.0,3,,,,,정량한계미만,,0.024,,,0.848,,정량한계미만,,,8.4,정량한계미만,정량한계미만,,5.0,,910,23.4,1.373,5.0,0.023,,
2017-06-19,35864,2017,6,3회차,낙동강,강정고령보(낙동왜관),강정,,,,,,,,1.6,,,,,12.2,,5.4,,,,,,,,,8.4,1.084,0.008,273.0,,,,,,,,0.078,,,0.679,,,,,8.0,,정량한계미만,,3.8,,,25.4,1.218,,0.027,,
2017-06-26,36301,2017,6,4회차,낙동강,강정고령보(낙동왜관),강정,,,,,,,,1.8,,,,,16.6,,6.1,,,,,,,,,8.1,1.054,0.015,264.0,,,,,,,,0.082,,,0.648,,,,,8.2,,정량한계미만,,7.0,,,25.0,1.194,,0.026,,
2017-07-03,36746,2017,7,1회차,낙동강,강정고령보(낙동왜관),강정,,,,,,,,1.4,,,,,15.2,,5.4,,,,,,,,,8.0,0.988,0.010,257.0,,,,,,,,0.147,,,0.622,,,,,8.0,,정량한계미만,,6.6,,,26.1,1.144,,0.028,,
2017-07-10,37631,2017,7,2회차,낙동강,강정고령보(낙동왜관),강정,,,,,,,,1.8,,,,,14.6,,7.0,,,,,,,,,7.8,2.437,0.048,167.0,92,,,,,,,0.079,,,1.882,,,,,7.4,정량한계미만,0.046,,9.6,,720,25.9,2.589,5.2,0.074,,
2017-07-17,38064,2017,7,3회차,낙동강,강정고령보(낙동왜관),강정,,,,,,,,1.6,,,,,21.1,,6.9,,,,,,,,,8.3,2.061,0.038,182.0,,,,,,,,0.159,,,1.514,,,,,7.3,,0.036,,56.4,,,25.9,2.264,,0.108,,
2017-08-14,39451,2017,8,1회차,낙동강,강정고령보(낙동왜관),강정,,,,,,,,1.3,,,,,13.6,,5.7,,,,,,,,,7.6,2.102,0.033,226.0,,,,,,,,0.093,,,1.626,,,,,7.7,,0.028,,8.0,,,26.5,2.438,,0.064,,
2017-08-21,39963,2017,8,2회차,낙동강,강정고령보(낙동왜관),강정,,,,,,,,1.4,,,,,11.3,,7.0,,,,,,,,,8.4,2.565,0.051,178.0,490,,,,,,,0.037,,,2.003,,,,,7.3,정량한계미만,0.045,,9.0,,5450,24.8,2.749,5.0,0.066,,
2017-08-28,40401,2017,8,3회차,낙동강,강정고령보(낙동왜관),강정,,,,,,,,2.3,,,,,41.5,,6.1,,,,,,,,,9.4,2.276,0.025,194.0,,,,,,,,0.024,,,1.815,,,,,8.3,,0.015,,6.8,,,27.1,2.460,,0.052,,
2017-09-04,41006,2017,9,1회차,낙동강,강정고령보(낙동왜관),강정,,,,,,,,1.9,,,,,8.5,,5.4,,,,,,,,,8.1,2.162,0.029,206.0,,,,,,,,0.085,,,1.714,,,,,7.9,,0.023,,5.0,,,25.2,2.235,,0.045,,
2017-09-11,41869,2017,9,2회차,낙동강,강정고령보(낙동왜관),강정,,,,,,,,1.4,,,,,16.1,,4.9,,,,,,,,,8.3,2.038,0.020,232.0,,,,,,,,0.088,,,1.509,,,,,7.7,,0.014,,5.8,,,23.5,2.059,,0.036,,
2017-09-18,42312,2017,9,3회차,낙동강,강정고령보(낙동왜관),강정,,정량한계미만,,정량한계미만,정량한계미만,,,2.0,,정량한계미만,,,20.9,정량한계미만,5.2,,,정량한계미만,,,,,,8.9,1.890,0.014,251.0,15,,,,,정량한계미만,,0.038,,,1.490,,정량한계미만,,,7.8,정량한계미만,0.006,,7.0,,460,23.5,2.077,3.6,0.034,,
2017-09-25,42757,2017,9,4회차,낙동강,강정고령보(낙동왜관),강정,,,,,,,,2.1,,,,,32.5,,6.3,,,,,,,,,9.8,1.485,0.014,244.0,,,,,,,,0.024,,,1.137,,,,,8.4,,정량한계미만,,9.2,,,23.7,1.634,,0.050,,
2017-10-10,43118,2017,10,1회차,낙동강,강정고령보(낙동왜관),강정,,,,,,,,1.7,,,,,19.9,,5.3,,,,,,,,,9.3,1.814,0.014,253.0,,,,,,,,0.058,,,1.368,,,,,7.8,,0.005,,8.4,,,22.1,1.933,,0.029,,
2017-10-16,43987,2017,10,2회차,낙동강,강정고령보(낙동왜관),강정,,,,,,,,1.7,,,,,26.2,,5.6,,,,,,,,,9.1,1.753,0.012,252.0,3,,,,,,,0.041,,,1.334,,,,,7.9,정량한계미만,0.006,,8.0,,410,19.1,1.877,3.5,0.040,,
2017-10-23,44427,2017,10,3회차,낙동강,강정고령보(낙동왜관),강정,,,,,,,,2.3,,,,,30.4,,6.3,,,,,,,,,10.4,1.826,0.014,253.0,,,,,,,,0.017,,,1.407,,,,,7.7,,0.003,,8.6,,,17.0,2.049,,0.044,,
2017-11-06,45247,2017,11,1회차,낙동강,강정고령보(낙동왜관),강정,,,,,,,,2.1,,,,,33.8,,5.9,,,,,,,,,11.1,2.174,0.020,278.0,,,,,,,,0.021,,,1.553,,,,,8.5,,0.012,,11.2,,,14.8,2.441,,0.034,,
2017-11-13,45988,2017,11,2회차,낙동강,강정고령보(낙동왜관),강정,,,,,,,,2.0,,,,,24.9,,5.8,,,,,,,,,12.5,2.347,0.011,276.0,2,,,,,,,0.032,,,1.496,,,,,7.5,정량한계미만,0.003,,9.8,,410,12.8,2.436,3.6,0.036,,
2017-11-20,46425,2017,11,3회차,낙동강,강정고령보(낙동왜관),강정,,,,,,,,2.6,,,,,32.8,,5.7,,,,,,,,,12.1,1.920,0.008,285.0,,,,,,,,0.017,,,1.427,,,,,8.8,,정량한계미만,,9.6,,,9.1,2.248,,0.036,,
2017-11-27,46861,2017,11,4회차,낙동강,강정고령보(낙동왜관),강정,,,,,,,,1.6,,,,,8.0,,5.3,,,,,,,,,11.1,2.178,0.017,279.0,,,,,,,,0.138,,,1.606,,,,,8.0,,0.006,,4.8,,,8.2,2.387,,0.036,,
2017-12-04,47300,2017,12,1회차,낙동강,강정고령보(낙동왜관),강정,,정량한계미만,,정량한계미만,정량한계미만,,,1.1,,정량한계미만,,,9.0,정량한계미만,4.7,,,정량한계미만,,,,,,12.2,2.334,0.030,292.0,0,,,,,정량한계미만,,0.073,,,1.669,,정량한계미만,,,7.9,정량한계미만,0.014,,3.4,,232,6.7,2.374,3.1,0.037,,
2017-12-11,48143,2017,12,2회차,낙동강,강정고령보(낙동왜관),강정,,,,,,,,2.0,,,,,9.5,,5.4,,,,,,,,,13.8,2.852,0.011,290.0,,,,,,,,0.039,,,1.807,,,,,7.8,,0.004,,4.8,,,4.2,3.010,,0.023,,
2017-12-18,48569,2017,12,3회차,낙동강,강정고령보(낙동왜관),강정,,,,,,,,1.9,,,,,3.1,,4.6,,,,,,,,,13.7,3.076,0.007,310.0,,,,,,,,0.063,,,2.044,,,,,8.1,,정량한계미만,,1.4,,,2.3,3.123,,0.013,,
2018-01-15,49606,2018,1,1회차,낙동강,강정고령보(낙동왜관),강정,,,,,,,,1.3,,,,,6.2,,5.0,,,,,,,,,13.7,3.647,0.008,291.0,1,,,,,,,0.075,,,2.320,,,,,7.7,정량한계미만,정량한계미만,,2.8,,3,3.2,3.831,3.3,0.016,,
2018-01-22,50179,2018,1,2회차,낙동강,강정고령보(낙동왜관),강정,,,,,,,,1.2,,,,,7.5,,5.1,,,,,,,,,13.6,3.266,0.012,309.0,,,,,,,,0.061,,,2.326,,,,,7.7,,0.011,,3.2,,,3.7,3.336,,0.019,,
2018-02-05,51108,2018,2,1회차,낙동강,강정고령보(낙동왜관),강정,,,,,,,,,,,,,,,,,,,,,,,,,,,,,,,,,,,,,,,,,,,,,,,,,,,,,,,
2018-02-19,51986,2018,2,2회차,낙동강,강정고령보(낙동왜관),강정,,,,,,,,,,,,,,,,,,,,,,,,,,,,,,,,,,,,,,,,,,,,,,,,,,,,,,,
2018-03-05,52742,2018,3,1회차,낙동강,강정고령보(낙동왜관),강정,,,,,,,,2.1,,,,,14.5,,5.9,,,,,,,,,14.2,2.516,0.004,279.0,,,,,,,,0.083,,,2.065,,,,,8.4,,정량한계미만,,8.2,,,5.7,2.566,,0.015,,
2018-03-12,53619,2018,3,2회차,낙동강,강정고령보(낙동왜관),강정,,,정량한계미만,정량한계미만,정량한계미만,,,3.1,,정량한계미만,,,36.3,정량한계미만,7.5,,,정량한계미만,,,,,,12.9,2.693,0.016,274.0,9,,,,,정량한계미만,,0.137,,,2.211,,정량한계미만,,,7.9,정량한계미만,0.004,,12.8,,106,7.8,2.948,5.9,0.038,,
2018-03-19,54032,2018,3,3회차,낙동강,강정고령보(낙동왜관),강정,,,,,,,,2.0,,,,,25.0,,7.2,,,,,,,,,12.5,3.194,0.016,258.0,,,,,,,,0.055,,,2.703,,,,,7.9,,0.004,,10.4,,,9.1,3.306,,0.030,,
2018-03-26,54456,2018,3,4회차,낙동강,강정고령보(낙동왜관),강정,,,,,,,,1.7,,,,,10.2,,6.8,,,,,,,,,11.7,3.506,0.022,218.0,,,,,,,,0.081,,,3.061,,,,,7.5,,0.019,,10.4,,,10.2,3.574,,0.045,,
2018-04-02,54856,2018,4,1회차,낙동강,강정고령보(낙동왜관),강정,,,,,,,,2.1,,,,,18.2,,5.8,,,,,,,,,11.8,3.545,0.016,229.0,,,,,,,,0.030,,,3.053,,,,,8.2,,정량한계미만,,6.6,,,13.6,3.680,,0.036,,
2018-04-16,56056,2018,4,2회차,낙동강,강정고령보(낙동왜관),강정,,,,,,,,2.3,,,,,18.3,,6.7,,,,,,,,,11.0,3.231,0.015,196.0,17,,,,,,,0.031,,,2.783,,,,,7.7,정량한계미만,0.009,,9.8,,2450,13.4,3.356,5.4,0.042,,
2018-04-23,56493,2018,4,3회차,낙동강,강정고령보(낙동왜관),강정,,,,,,,,3.2,,,,,18.8,,5.6,,,,,,,,,10.8,3.086,0.013,215.0,,,,,,,,0.047,,,2.593,,,,,8.0,,정량한계미만,,5.0,,,14.2,3.149,,0.022,,
2018-05-08,57358,2018,5,1회차,낙동강,강정고령보(낙동왜관),강정,,,,,,,,1.8,,,,,15.4,,5.4,,,,,,,,,10.3,2.751,0.016,210.0,132,,,,,,,0.054,,,2.352,,,,,8.1,정량한계미만,0.005,,7.6,,3050,17.5,2.844,4.1,0.023,,
2018-05-14,58085,2018,5,2회차,낙동강,강정고령보(낙동왜관),강정,,,,,,,,2.2,,,,,18.2,,5.5,,,,,,,,,10.4,2.489,0.012,225.0,,,,,,,,0.055,,,2.085,,,,,8.7,,정량한계미만,,5.6,,,19.6,2.710,,0.053,,
2018-05-21,58501,2018,5,3회차,낙동강,강정고령보(낙동왜관),강정,,,,,,,,1.8,,,,,17.9,,4.7,,,,,,,,,9.7,2.513,0.014,231.0,,,,,,,,0.055,,,2.048,,,,,8.2,,정량한계미만,,6.0,,,19.8,2.558,,0.023,,
2018-06-04,59218,2018,6,1회차,낙동강,강정고령보(낙동왜관),강정,,,,,,,,1.7,,,,,18.2,,5.8,,,,,,,,,8.9,2.233,0.024,240.0,,,,,,,,0.048,,,1.755,,,,,8.8,,정량한계미만,,6.8,,,24.4,2.370,,0.028,,
2018-06-11,60081,2018,6,2회차,낙동강,강정고령보(낙동왜관),강정,,,,,,,,1.9,,,,,15.9,,5.3,,,,,,,,,8.3,2.179,0.008,248.0,,,,,,,,0.077,,,1.569,,,,,8.3,,정량한계미만,,4.8,,,22.7,2.300,,0.023,,
2018-06-18,60514,2018,6,3회차,낙동강,강정고령보(낙동왜관),강정,,,정량한계미만,정량한계미만,정량한계미만,,,2.2,,정량한계미만,,,19.5,정량한계미만,5.0,,,정량한계미만,,,,,,8.7,1.844,0.010,261.0,9,,,,,정량한계미만,,0.046,,,1.348,,정량한계미만,,,8.8,정량한계미만,정량한계미만,,6.8,,16250,24.7,1.953,3.8,0.025,,
2018-06-25,60957,2018,6,4회차,낙동강,강정고령보(낙동왜관),강정,,,,,,,,2.2,,,,,17.2,,5.5,,,,,,,,,8.7,1.524,0.014,258.0,,,,,,,,0.032,,,1.086,,,,,8.4,,정량한계미만,,5.2,,,25.8,1.707,,0.026,,
2018-07-09,61763,2018,7,1회차,낙동강,강정고령보(낙동왜관),강정,,,,,,,,1.1,,,,,4.7,,9.1,,,,,,,,,8.7,3.148,0.064,178.0,188,,,,,,,0.086,,,2.597,,,,,7.5,정량한계미만,0.058,,14.4,,137000,21.8,3.181,6.1,0.074,,
2018-07-16,62559,2018,7,2회차,낙동강,강정고령보(낙동왜관),강정,,,,,,,,5.7,,,,,33.8,,9.3,,,,,,,,,9.3,2.864,0.020,210.0,,,,,,,,0.023,,,2.376,,,,,8.7,,0.003,,3.2,,,27.6,3.077,,0.033,,
2018-07-23,62987,2018,7,3회차,낙동강,강정고령보(낙동왜관),강정,,,,,,,,1.2,,,,,7.8,,5.6,,,,,,,,,7.7,2.779,0.022,225.0,,,,,,,,0.121,,,2.325,,,,,8.0,,0.013,,3.2,,,28.9,2.977,,0.035,,
2018-08-13,64152,2018,8,1회차,낙동강,강정고령보(낙동왜관),강정,,,,,,,,1.6,,,,,12.2,,6.0,,,,,,,,,6.3,1.565,0.025,240.0,114,,,,,,,0.120,,,0.987,,,,,7.7,정량한계미만,0.005,,3.8,,220000,31.0,1.593,4.3,0.041,,
2018-08-20,64660,2018,8,2회차,낙동강,강정고령보(낙동왜관),강정,,,,,,,,1.5,,,,,17.8,,6.1,,,,,,,,,7.7,1.237,0.032,226.0,,,,,,,,0.078,,,0.799,,,,,8.0,,0.003,,4.4,,,28.8,1.239,,0.037,,
2018-08-29,65148,2018,8,3회차,낙동강,강정고령보(낙동왜관),강정,,,,,,,,1.6,,,,,4.1,,8.1,,,,,,,,,8.8,2.160,0.097,178.0,,,,,,,,0.070,,,1.662,,,,,7.4,,0.091,,16.0,,,23.8,2.217,,0.126,,
2018-09-03,65487,2018,9,1회차,낙동강,강정고령보(낙동왜관),강정,,,,,,,,1.3,,,,,3.3,,7.6,,,,,,,,,8.9,2.597,0.115,152.0,,,,,,,,0.064,,,2.085,,,,,7.4,,0.107,,12.4,,,23.1,2.617,,0.132,,
2018-09-10,66385,2018,9,2회차,낙동강,강정고령보(낙동왜관),강정,,,정량한계미만,정량한계미만,정량한계미만,,,1.0,,정량한계미만,,,12.0,정량한계미만,6.3,,,정량한계미만,,,,,,8.8,2.789,0.073,170.0,256,,,,,정량한계미만,,0.028,,,2.277,,정량한계미만,,,7.2,정량한계미만,0.070,,11.2,,97000,23.3,2.816,4.8,0.092,,
2018-09-17,66817,2018,9,3회차,낙동강,강정고령보(낙동왜관),강정,,,,,,,,1.3,,,,,11.6,,5.2,,,,,,,,,9.0,2.785,0.033,217.0,,,,,,,,0.070,,,2.405,,,,,8.1,,0.020,,3.6,,,23.8,2.791,,0.037,,
2018-10-01,67360,2018,10,1회차,낙동강,강정고령보(낙동왜관),강정,,,,,,,,1.5,,,,,13.7,,4.3,,,,,,,,,9.6,2.450,0.013,246.0,39,,,,,,,0.056,,,1.921,,,,,7.4,정량한계미만,0.009,,6.0,,82000,20.0,2.466,3.2,0.021,,
2018-10-10,68365,2018,10,2회차,낙동강,강정고령보(낙동왜관),강정,,,,,,,,1.5,,,,,2.8,,9.5,,,,,,,,,9.8,2.402,0.075,132.0,,,,,,,,0.087,,,1.789,,,,,7.0,,0.070,,43.6,,,17.6,2.537,,0.108,,
2018-10-15,68697,2018,10,3회차,낙동강,강정고령보(낙동왜관),강정,,,,,,,,1.0,,,,,7.9,,7.1,,,,,,,,,9.4,2.509,0.057,165.0,,,,,,,,0.060,,,2.011,,,,,7.2,,0.049,,12.8,,,17.3,2.591,,0.073,,
2018-10-22,69127,2018,10,4회차,낙동강,강정고령보(낙동왜관),강정,,,,,,,,1.5,,,,,9.6,,5.3,,,,,,,,,10.1,2.616,0.025,201.0,,,,,,,,0.036,,,2.217,,,,,7.4,,0.017,,7.2,,,16.6,2.686,,0.033,,
2018-11-05,69864,2018,11,1회차,낙동강,강정고령보(낙동왜관),강정,,,,,,,,2.3,,,,,45.6,,5.9,,,,,,,,,11.9,2.762,0.011,253.0,,,,,,,,0.016,,,2.438,,,,,8.1,,0.003,,10.0,,,13.5,2.901,,0.021,,
2018-11-12,70689,2018,11,2회차,낙동강,강정고령보(낙동왜관),강정,,,,,,,,1.9,,,,,32.7,,5.0,,,,,,,,,11.2,2.711,0.009,254.0,39,,,,,,,0.032,,,2.224,,,,,7.6,정량한계미만,0.004,,8.0,,7200,12.8,2.717,3.4,0.019,,
2018-11-20,71236,2018,11,3회차,낙동강,강정고령보(낙동왜관),강정,,,,,,,,2.0,,,,,25.5,,4.5,,,,,,,,,11.4,2.827,0.008,262.0,,,,,,,,0.039,,,2.195,,,,,7.5,,0.004,,5.2,,,11.6,2.839,,0.018,,
2018-12-03,71987,2018,12,1회차,낙동강,강정고령보(낙동왜관),강정,,,정량한계미만,정량한계미만,정량한계미만,,,2.4,,정량한계미만,,,45.9,정량한계미만,5.0,,,정량한계미만,,,,,,12.7,2.536,0.007,246.0,7,,,,,정량한계미만,,0.025,,,2.234,,정량한계미만,,,7.8,정량한계미만,정량한계미만,,7.0,,13500,9.2,2.625,3.7,0.022,,
2018-12-10,72880,2018,12,2회차,낙동강,강정고령보(낙동왜관),강정,,,,,,,,2.2,,,,,17.2,,4.9,,,,,,,,,13.5,2.607,0.007,260.0,,,,,,,,0.033,,,2.307,,,,,7.8,,정량한계미만,,7.2,,,5.3,2.620,,0.022,,
2018-12-17,73334,2018,12,3회차,낙동강,강정고령보(낙동왜관),강정,,,,,,,,2.0,,,,,16.9,,4.6,,,,,,,,,13.5,2.717,0.004,275.0,,,,,,,,0.048,,,2.523,,,,,8.1,,정량한계미만,,6.4,,,4.4,2.832,,0.022,,
2019-01-14,74347,2019,1,1회차,낙동강,강정고령보(낙동왜관),강정,,,,,,,,,,,,,,,,,,,,,,,,,,,,,,,,,,,,,,,,,,,,,,,,,,,,,,,
2019-01-21,74964,2019,1,2회차,낙동강,강정고령보(낙동왜관),강정,,,,,,,,,,,,,,,,,,,,,,,,,,,,,,,,,,,,,,,,,,,,,,,,,,,,,,,
2019-02-11,75938,2019,2,1회차,낙동강,강정고령보(낙동왜관),강정,,,,,,,,2.0,,,,,27.3,,5.0,,,,,,,,,14.0,3.036,0.005,287.0,0,,,,,,,0.046,,,2.870,,,,,8.3,정량한계미만,정량한계미만,,8.4,,890,3.6,3.144,4.8,0.023,,
2019-02-18,76744,2019,2,2회차,낙동강,강정고령보(낙동왜관),강정,,,,,,,,2.6,,,,,24.4,,5.1,,,,,,,,,12.9,3.111,0.005,301.0,,,,,,,,0.070,,,2.871,,,,,7.7,,정량한계미만,,11.6,,,4.9,3.259,,0.033,,
2019-02-25,77156,2019,2,3회차,낙동강,강정고령보(낙동왜관),강정,,,,,,,,2.5,,,,,38.9,,5.4,,,,,,,,,13.1,2.659,0.005,282.0,,,,,,,,0.042,,,2.446,,,,,8.1,,정량한계미만,,16.8,,,6.6,2.896,,0.042,,
2019-03-04,77500,2019,3,1회차,낙동강,강정고령보(낙동왜관),강정,,,,,,,,2.8,,,,,25.6,,5.7,,,,,,,,,12.8,3.027,0.007,308.0,,,,,,,,0.075,,,2.728,,,,,8.5,,정량한계미만,,8.4,,,9.2,3.135,,0.025,,
2019-03-11,78394,2019,3,2회차,낙동강,강정고령보(낙동왜관),강정,,,정량한계미만,정량한계미만,정량한계미만,,,2.1,,정량한계미만,,,11.9,정량한계미만,4.4,,,정량한계미만,,,,,,13.3,3.123,0.004,299.0,4,,,,,정량한계미만,,0.036,,,2.636,,정량한계미만,,,8.8,정량한계미만,정량한계미만,,5.6,,2300,8.7,3.264,4.2,0.017,,
2019-03-18,78846,2019,3,3회차,낙동강,강정고령보(낙동왜관),강정,,,,,,,,2.2,,,,,6.2,,5.1,,,,,,,,,12.1,3.042,0.005,302.0,,,,,,,,0.033,,,2.692,,,,,8.6,,정량한계미만,,6.4,,,9.5,3.109,,0.013,,
2019-03-25,79264,2019,3,4회차,낙동강,강정고령보(낙동왜관),강정,,,,,,,,2.1,,,,,13.2,,5.4,,,,,,,,,11.7,2.843,0.008,286.0,,,,,,,,0.045,,,2.286,,,,,8.2,,정량한계미만,,5.4,,,9.4,2.908,,0.017,,
2019-04-01,79722,2019,4,1회차,낙동강,강정고령보(낙동왜관),강정,,,,,,,,1.9,,,,,11.9,,4.8,,,,,,,,,11.3,2.332,0.003,268.0,,,,,,,,0.046,,,1.969,,,,,8.3,,정량한계미만,,5.6,,,10.2,2.415,,0.014,,
2019-04-08,80623,2019,4,2회차,낙동강,강정고령보(낙동왜관),강정,,,,,,,,1.8,,,,,13.4,,4.8,,,,,,,,,11.1,2.045,0.005,266.0,80,,,,,,,0.028,,,1.802,,,,,8.3,정량한계미만,정량한계미만,,4.4,,6450,12.9,2.297,3.6,0.014,,
2019-04-15,81046,2019,4,3회차,낙동강,강정고령보(낙동왜관),강정,,,,,,,,2.1,,,,,11.4,,4.2,,,,,,,,,10.9,2.224,0.005,265.0,,,,,,,,0.043,,,1.836,,,,,8.2,,정량한계미만,,5.2,,,13.0,2.286,,0.013,,
2019-04-22,81474,2019,4,4회차,낙동강,강정고령보(낙동왜관),강정,,,,,,,,2.1,,,,,10.9,,4.9,,,,,,,,,9.7,2.004,0.005,269.0,,,,,,,,0.052,,,1.829,,,,,8.2,,정량한계미만,,4.8,,,16.3,2.141,,0.016,,
2019-05-07,82137,2019,5,1회차,낙동강,강정고령보(낙동왜관),강정,,,,,,,,2.5,,,,,13.6,,5.6,,,,,,,,,10.4,1.728,0.009,245.0,,,,,,,,0.032,,,1.432,,,,,8.5,,정량한계미만,,6.0,,,18.4,1.863,,0.022,,
2019-05-13,82922,2019,5,2회차,낙동강,강정고령보(낙동왜관),강정,,,,,,,,2.6,,,,,13.8,,5.9,,,,,,,,,9.7,1.455,0.005,249.0,65,,,,,,,0.047,,,1.354,,,,,8.3,정량한계미만,정량한계미만,,6.0,,13000,19.2,1.723,4.7,0.021,,
2019-05-20,83352,2019,5,3회차,낙동강,강정고령보(낙동왜관),강정,,,,,,,,1.5,,,,,9.7,,4.9,,,,,,,,,9.0,1.450,0.006,233.0,,,,,,,,0.055,,,1.231,,,,,8.1,,정량한계미만,,4.4,,,19.9,1.553,,0.017,,
2019-05-29,83993,2019,5,4회차,낙동강,강정고령보(낙동왜관),강정,,,,,,,,1.7,,,,,8.8,,5.4,,,,,,,,,8.9,1.530,0.010,245.0,,,,,,,,0.119,,,1.069,,,,,7.9,,0.008,,6.2,,,21.3,1.534,,0.022,,
2019-06-10,84715,2019,6,1회차,낙동강,강정고령보(낙동왜관),강정,,,정량한계미만,정량한계미만,정량한계미만,,,1.6,,정량한계미만,,,8.3,정량한계미만,6.0,,,정량한계미만,,,,,,8.9,1.533,0.017,254.0,900,,,,,정량한계미만,,0.057,,,0.906,,정량한계미만,,,8.0,정량한계미만,정량한계미만,,10.8,,23500,21.8,1.740,5.7,0.028,,
2019-06-17,85432,2019,6,2회차,낙동강,강정고령보(낙동왜관),강정,,,,,,,,2.6,,,,,13.9,,7.3,,,,,,,,,8.1,1.649,0.021,249.0,,,,,,,,0.087,,,0.943,,,,,8.1,,0.004,,10.4,,,24.2,1.729,,0.039,,
2019-06-24,85865,2019,6,3회차,낙동강,강정고령보(낙동왜관),강정,,,,,,,,1.8,,,,,14.2,,6.3,,,,,,,,,8.6,1.340,0.023,247.0,,,,,,,,0.037,,,0.795,,,,,8.7,,정량한계미만,,7.0,,,25.2,1.465,,0.026,,
2019-07-01,86335,2019,7,1회차,낙동강,강정고령보(낙동왜관),강정,,,,,,,,1.5,,,,,20.3,,6.1,,,,,,,,,8.9,1.238,0.031,236.0,,,,,,,,0.047,,,0.772,,,,,8.4,,정량한계미만,,10.8,,,25.0,1.425,,0.048,,
2019-07-09,87357,2019,7,2회차,낙동강,강정고령보(낙동왜관),강정,,,,,,,,1.5,,,,,8.5,,5.2,,,,,,,,,8.1,1.779,0.025,256.0,28250,,,,,,,0.049,,,0.729,,,,,8.1,정량한계미만,정량한계미만,,4.4,,220000,24.5,1.857,3.9,0.036,,
2019-07-15,87679,2019,7,3회차,낙동강,강정고령보(낙동왜관),강정,,,,,,,,1.7,,,,,15.4,,5.5,,,,,,,,,8.1,1.133,0.015,251.0,,,,,,,,0.066,,,0.722,,,,,7.7,,0.003,,4.2,,,24.9,1.336,,0.028,,
2019-07-22,88093,2019,7,4회차,낙동강,강정고령보(낙동왜관),강정,,,,,,,,1.4,,,,,4.4,,5.4,,,,,,,,,8.0,1.518,0.030,222.0,,,,,,,,0.106,,,0.981,,,,,7.9,,0.021,,14.4,,,25.6,1.648,,0.046,,
2019-08-19,89347,2019,8,1회차,낙동강,강정고령보(낙동왜관),강정,,,,,,,,1.7,,,,,13.8,,5.0,,,,,,,,,7.9,1.159,0.014,237.0,3050,,,,,,,0.034,,,0.852,,,,,8.4,정량한계미만,0.003,,3.8,,19000,28.8,1.242,3.8,0.019,,
2019-08-26,89817,2019,8,2회차,낙동강,강정고령보(낙동왜관),강정,,,,,,,,1.2,,,,,7.4,,4.5,,,,,,,,,8.2,1.243,0.036,238.0,,,,,,,,0.076,,,0.881,,,,,8.0,,0.018,,4.0,,,27.0,1.354,,0.056,,
2019-09-02,90638,2019,9,1회차,낙동강,강정고령보(낙동왜관),강정,,,정량한계미만,정량한계미만,정량한계미만,,,1.0,,정량한계미만,,,8.2,정량한계미만,4.5,,,정량한계미만,,,,,,8.5,1.160,0.017,240.0,6700,,,,,정량한계미만,,0.065,,,0.874,,정량한계미만,,,8.0,정량한계미만,0.009,,4.6,,45000,24.6,1.272,2.9,0.035,,
2019-09-16,91661,2019,9,2회차,낙동강,강정고령보(낙동왜관),강정,,,,,,,,1.4,,,,,14.3,,5.2,,,,,,,,,8.6,1.426,0.027,238.0,,,,,,,,0.028,,,1.170,,,,,8.3,,0.009,,4.6,,,24.8,1.630,,0.052,,
2019-09-24,92124,2019,9,3회차,낙동강,강정고령보(낙동왜관),강정,,,,,,,,2.1,,,,,4.3,,8.7,,,,,,,,,9.5,2.587,0.111,161.0,,,,,,,,0.077,,,1.988,,,,,7.5,,0.090,,23.6,,,18.6,2.656,,0.132,,
2019-10-07,92766,2019,10,1회차,낙동강,강정고령보(낙동왜관),강정,,,,,,,,1.2,,,,,3.0,,8.6,,,,,,,,,9.2,2.471,0.089,142.0,,,,,,,,0.061,,,2.178,,,,,7.5,,0.083,,30.0,,,19.2,2.676,,0.095,,
2019-10-14,93570,2019,10,2회차,낙동강,강정고령보(낙동왜관),강정,,,,,,,,1.3,,,,,17.1,,6.6,,,,,,,,,9.7,2.613,0.052,191.0,870,,,,,,,0.017,,,2.494,,,,,7.7,정량한계미만,0.034,,10.4,,28250,19.5,2.833,5.0,0.075,,
2019-10-21,93994,2019,10,3회차,낙동강,강정고령보(낙동왜관),강정,,,,,,,,2.7,,,,,26.1,,6.0,,,,,,,,,9.9,2.971,0.023,230.0,,,,,,,,0.031,,,2.615,,,,,8.0,,정량한계미만,,7.6,,,17.9,3.181,,0.044,,
2019-11-04,94736,2019,11,1회차,낙동강,강정고령보(낙동왜관),강정,,,,,,,,2.2,,,,,40.3,,6.9,,,,,,,,,10.6,2.160,0.010,220.0,,,,,,,,0.024,,,1.751,,,,,8.0,,정량한계미만,,11.4,,,16.8,2.247,,0.024,,
2019-11-11,95602,2019,11,2회차,낙동강,강정고령보(낙동왜관),강정,,,,,,,,1.4,,,,,25.0,,6.2,,,,,,,,,10.5,2.095,0.018,211.0,84,,,,,,,0.034,,,1.709,,,,,7.8,정량한계미만,0.005,,11.0,,11500,14.0,2.205,5.4,0.043,,
2019-11-18,96046,2019,11,3회차,낙동강,강정고령보(낙동왜관),강정,,,,,,,,1.5,,,,,16.3,,6.1,,,,,,,,,11.2,1.911,0.016,198.0,,,,,,,,0.032,,,1.568,,,,,7.5,,0.008,,9.2,,,12.0,1.935,,0.027,,
2019-11-25,96478,2019,11,4회차,낙동강,강정고령보(낙동왜관),강정,,,,,,,,1.0,,,,,16.2,,5.5,,,,,,,,,11.2,2.159,0.012,228.0,,,,,,,,0.036,,,1.870,,,,,7.9,,0.010,,5.6,,,10.4,2.256,,0.022,,
2019-12-02,96929,2019,12,1회차,낙동강,강정고령보(낙동왜관),강정,,,정량한계미만,정량한계미만,정량한계미만,,,2.2,,정량한계미만,,,37.1,정량한계미만,5.5,,,정량한계미만,,,,,,12.4,2.151,0.007,245.0,82,,,,,정량한계미만,,0.023,,,1.951,,정량한계미만,,,8.3,정량한계미만,정량한계미만,,7.4,,5400,8.9,2.200,4.5,0.020,,
2019-12-09,97823,2019,12,2회차,낙동강,강정고령보(낙동왜관),강정,,,,,,,,1.7,,,,,20.5,,4.7,,,,,,,,,13.1,2.309,0.005,264.0,,,,,,,,0.029,,,2.154,,,,,8.7,,정량한계미만,,7.6,,,6.3,2.363,,0.015,,
2020-01-13,99018,2020,1,1회차,낙동강,강정고령보(낙동왜관),강정,,,,,,,,1.5,,,,,13.6,,4.1,,,,,,,,,13.8,2.851,0.003,270.0,94,,,,,,,0.045,,,2.476,,,,,7.9,정량한계미만,정량한계미만,,5.0,,13250,3.3,2.858,3.6,0.011,,
2020-01-20,99718,2020,1,2회차,낙동강,강정고령보(낙동왜관),강정,,,,,,,,1.0,,,,,11.1,,4.7,,,,,,,,,13.5,2.990,0.031,271.0,,,,,,,,0.060,,,2.570,,,,,7.7,,0.013,,4.8,,,3.4,3.063,,0.039,,
2020-01-28,99986,2020,1,3회차,낙동강,강정고령보(낙동왜관),강정,,,,,,,,1.9,,,,,14.0,,4.9,,,,,,,,,13.3,3.206,0.027,220.0,,,,,,,,0.086,,,2.617,,,,,7.7,,0.014,,5.0,,,4.9,3.301,,0.035,,
2020-02-03,100400,2020,2,1회차,낙동강,강정고령보(낙동왜관),강정,,,,,,,,2.2,,,,,22.2,,4.9,,,,,,,,,14.1,3.462,0.029,231.0,52,,,,,,,0.044,,,2.957,,,,,8.1,정량한계미만,정량한계미만,,6.2,,4550,4.4,3.463,3.7,0.031,,
2020-02-10,101282,2020,2,2회차,낙동강,강정고령보(낙동왜관),강정,,,,,,,,2.1,,,,,22.0,,4.7,,,,,,,,,14.0,3.188,0.009,253.0,,,,,,,,0.047,,,2.910,,,,,7.8,,정량한계미만,,7.2,,,4.6,3.240,,0.022,,
2020-02-25,101922,2020,2,3회차,낙동강,강정고령보(낙동왜관),강정,,,,,,,,2.3,,,,,13.7,,5.4,,,,,,,,,13.3,2.724,0.010,253.0,,,,,,,,0.054,,,2.466,,,,,7.9,,정량한계미만,,8.8,,,6.4,3.040,,0.017,,
2020-03-09,102943,2020,3,1회차,낙동강,강정고령보(낙동왜관),강정,,,정량한계미만,정량한계미만,정량한계미만,,,1.7,,정량한계미만,,,8.8,정량한계미만,5.7,,,정량한계미만,,,,,,11.6,2.970,0.026,209.0,29,,,,,정량한계미만,,0.119,,,2.507,,정량한계미만,,,7.1,정량한계미만,0.006,,8.8,,3200,8.7,3.123,4.5,0.038,,
2020-03-16,103504,2020,3,2회차,낙동강,강정고령보(낙동왜관),강정,,,,,,,,1.9,,,,,20.3,,6.0,,,,,,,,,11.9,2.611,0.018,206.0,,,,,,,,0.032,,,2.526,,,,,7.9,,0.003,,8.2,,,8.4,2.717,,0.028,,
2020-03-23,103964,2020,3,3회차,낙동강,강정고령보(낙동왜관),강정,,,,,,,,2.3,,,,,13.3,,4.9,,,,,,,,,11.8,2.889,0.007,220.0,,,,,,,,0.019,,,2.613,,,,,8.0,,0.004,,6.0,,,11.1,2.947,,0.016,,
2020-04-06,104664,2020,4,1회차,낙동강,강정고령보(낙동왜관),강정,,,,,,,,2.4,,,,,9.3,,4.6,,,,,,,,,11.7,2.511,0.011,257.0,15,,,,,,,0.021,,,2.378,,,,,8.3,정량한계미만,정량한계미만,,5.2,,3300,13.4,2.598,3.6,0.015,,
2020-04-13,105488,2020,4,2회차,낙동강,강정고령보(낙동왜관),강정,,,,,,,,2.1,,,,,14.1,,4.3,,,,,,,,,11.2,2.415,0.015,257.0,,,,,,,,0.032,,,2.152,,,,,8.0,,0.005,,4.8,,,12.3,2.509,,0.016,,
2020-04-20,105894,2020,4,3회차,낙동강,강정고령보(낙동왜관),강정,,,,,,,,1.9,,,,,13.0,,4.5,,,,,,,,,10.7,2.384,0.019,254.0,,,,,,,,0.029,,,1.939,,,,,8.0,,0.003,,4.0,,,14.1,2.510,,0.032,,
2020-05-04,106698,2020,5,1회차,낙동강,강정고령보(낙동왜관),강정,,,,,,,,2.4,,,,,7.1,,4.9,,,,,,,,,9.6,2.103,0.011,266.0,,,,,,,,0.049,,,1.664,,,,,7.6,,0.003,,5.0,,,17.2,2.114,,0.019,,
2020-05-11,107572,2020,5,2회차,낙동강,강정고령보(낙동왜관),강정,,,,,,,,1.5,,,,,6.7,,4.9,,,,,,,,,9.3,1.858,0.020,260.0,226,,,,,,,0.043,,,1.390,,,,,7.9,정량한계미만,0.004,,6.8,,7150,19.3,1.956,4.0,0.025,,
2020-05-18,107996,2020,5,3회차,낙동강,강정고령보(낙동왜관),강정,,,,,,,,1.9,,,,,11.7,,4.9,,,,,,,,,9.3,1.753,0.014,259.0,,,,,,,,0.053,,,1.179,,,,,7.4,,정량한계미만,,5.2,,,19.8,1.822,,0.020,,
2020-05-25,108440,2020,5,4회차,낙동강,강정고령보(낙동왜관),강정,,,,,,,,2.1,,,,,25.0,,6.4,,,,,,,,,9.3,2.065,0.011,242.0,,,,,,,,0.077,,,1.439,,,,,7.5,,정량한계미만,,7.6,,,20.5,2.176,,0.018,,
2020-06-01,108902,2020,6,1회차,낙동강,강정고령보(낙동왜관),강정,,,,,,,,2.8,,,,,44.4,,7.8,,,,,,,,,9.7,2.182,0.016,229.0,,,,,,,,0.062,,,1.509,,,,,8.0,,정량한계미만,,7.8,,,22.2,2.410,,0.035,,
2020-06-08,109789,2020,6,2회차,낙동강,강정고령보(낙동왜관),강정,,,정량한계미만,정량한계미만,정량한계미만,,,2.5,,정량한계미만,,,22.6,정량한계미만,7.2,,,정량한계미만,,,,,,9.1,1.983,0.018,219.0,4350,,,,,정량한계미만,,0.047,,,1.435,,정량한계미만,,,8.9,정량한계미만,정량한계미만,,7.6,,16250,24.9,2.138,5.4,0.029,,
2020-06-15,110215,2020,6,3회차,낙동강,강정고령보(낙동왜관),강정,,,,,,,,3.0,,,,,7.5,,7.9,,,,,,,,,8.2,1.976,0.064,217.0,,,,,,,,0.093,,,1.360,,,,,9.2,,0.034,,12.8,,,24.9,2.126,,0.081,,
2020-06-22,110669,2020,6,4회차,낙동강,강정고령보(낙동왜관),강정,,,,,,,,1.6,,,,,5.7,,7.7,,,,,,,,,7.3,1.832,0.056,247.0,,,,,,,,0.110,,,1.191,,,,,7.6,,0.032,,6.0,,,25.3,1.894,,0.069,,
2020-07-06,111523,2020,7,1회차,낙동강,강정고령보(낙동왜관),강정,,,,,,,,1.6,,,,,13.6,,5.5,,,,,,,,,8.7,1.825,0.041,200.0,,,,,,,,0.060,,,1.300,,,,,7.7,,0.021,,6.0,,,22.1,1.913,,0.052,,
2020-07-17,112372,2020,7,2회차,낙동강,강정고령보(낙동왜관),강정,,,,,,,,1.3,,,,,5.2,,9.5,,,,,,,,,8.3,2.869,0.085,150.0,,,,,,,,0.053,,,2.056,,,,,7.3,,0.071,,14.8,,,22.0,2.965,,0.092,,
2020-07-20,112562,2020,7,3회차,낙동강,강정고령보(낙동왜관),강정,,,,,,,,1.4,,,,,10.4,,8.2,,,,,,,,,8.6,2.799,0.052,160.0,2200,,,,,,,0.057,,,2.160,,,,,7.5,정량한계미만,0.046,,11.6,,22000,22.3,2.840,6.6,0.062,,
2020-08-18,113550,2020,8,1회차,낙동강,강정고령보(낙동왜관),강정,,,,,,,,1.8,,,,,13.1,,5.8,,,,,,,,,8.7,2.426,0.075,167.0,2500,,,,,,,0.041,,,2.095,,,,,7.7,정량한계미만,0.061,,9.2,,15000,26.2,2.503,4.3,0.089,,
2020-08-24,114197,2020,8,2회차,낙동강,강정고령보(낙동왜관),강정,,,,,,,,2.1,,,,,14.8,,5.8,,,,,,,,,8.7,2.046,0.029,193.0,,,,,,,,0.072,,,1.696,,,,,8.0,,0.010,,6.0,,,21.9,2.133,,0.040,,
2020-09-01,114880,2020,9,1회차,낙동강,강정고령보(낙동왜관),강정,,,,,,,,1.5,,,,,28.5,,5.4,,,,,,,,,8.3,2.038,0.041,193.0,,,,,,,,0.035,,,1.689,,,,,7.7,,0.034,,8.8,,,26.8,2.084,,0.057,,
2020-09-09,115910,2020,9,2회차,낙동강,강정고령보(낙동왜관),강정,,,,,,,,1.5,,,,,6.5,,9.3,,,,,,,,,9.3,1.902,0.064,124.0,,,,,,,,0.036,,,1.452,,,,,7.1,,0.056,,56.0,,,21.5,1.930,,0.080,,
2020-09-14,116198,2020,9,3회차,낙동강,강정고령보(낙동왜관),강정,,,정량한계미만,정량한계미만,정량한계미만,,,1.3,,정량한계미만,,,6.7,정량한계미만,6.4,,,정량한계미만,,,,,,8.6,2.170,0.065,151.0,850,,,,,정량한계미만,,0.058,,,1.833,,정량한계미만,,,7.0,정량한계미만,0.053,,17.2,,18000,23.3,2.318,5.2,0.081,,
2020-09-21,116637,2020,9,4회차,낙동강,강정고령보(낙동왜관),강정,,,,,,,,1.3,,,,,7.4,,6.3,,,,,,,,,8.7,2.236,0.047,178.0,,,,,,,,0.093,,,1.796,,,,,7.5,,0.039,,18.4,,,21.8,2.316,,0.069,,
2020-10-05,117164,2020,10,1회차,낙동강,강정고령보(낙동왜관),강정,,,,,,,,2.0,,,,,9.1,,5.8,,,,,,,,,9.1,2.385,0.039,195.0,,,,,,,,0.060,,,1.720,,,,,7.3,,0.017,,10.4,,,19.8,2.541,,0.053,,
2020-10-12,118060,2020,10,2회차,낙동강,강정고령보(낙동왜관),강정,,,,,,,,1.6,,,,,7.2,,5.6,,,,,,,,,9.4,2.306,0.022,201.0,86,,,,,,,0.051,,,1.711,,,,,7.5,정량한계미만,0.008,,5.6,,14750,19.2,2.332,4.7,0.030,,
2020-10-19,118490,2020,10,3회차,낙동강,강정고령보(낙동왜관),강정,,,,,,,,2.1,,,,,23.6,,6.2,,,,,,,,,10.5,2.336,0.013,222.0,,,,,,,,0.037,,,1.777,,,,,8.1,,정량한계미만,,5.6,,,17.9,2.404,,0.023,,
2020-10-26,118933,2020,10,4회차,낙동강,강정고령보(낙동왜관),강정,,,,,,,,1.7,,,,,40.7,,6.2,,,,,,,,,11.1,2.237,0.016,221.0,,,,,,,,0.034,,,1.669,,,,,8.5,,정량한계미만,,10.0,,,15.9,2.342,,0.027,,
2020-11-02,119270,2020,11,1회차,낙동강,강정고령보(낙동왜관),강정,,,,,,,,1.5,,,,,44.9,,6.8,,,,,,,,,11.4,2.268,0.015,230.0,,,,,,,,0.027,,,1.781,,,,,8.5,,정량한계미만,,13.2,,,14.9,2.404,,0.026,,
2020-11-09,120188,2020,11,2회차,낙동강,강정고령보(낙동왜관),강정,,,,,,,,2.2,,,,,22.4,,5.6,,,,,,,,,11.5,2.295,0.014,234.0,8,,,,,,,0.028,,,1.759,,,,,8.2,정량한계미만,정량한계미만,,6.8,,3650,12.3,2.346,4.8,0.024,,
2020-11-16,120611,2020,11,3회차,낙동강,강정고령보(낙동왜관),강정,,,,,,,,1.9,,,,,16.1,,5.6,,,,,,,,,11.4,2.347,0.021,239.0,,,,,,,,0.049,,,1.772,,,,,8.2,,정량한계미만,,6.0,,,12.1,2.396,,0.028,,
2020-11-23,121055,2020,11,4회차,낙동강,강정고령보(낙동왜관),강정,,,,,,,,1.6,,,,,46.9,,6.5,,,,,,,,,11.8,2.300,0.016,234.0,,,,,,,,0.025,,,1.662,,,,,8.4,,정량한계미만,,10.2,,,10.7,2.413,,0.025,,
2020-12-01,121634,2020,12,1회차,낙동강,강정고령보(낙동왜관),강정,,,정량한계미만,정량한계미만,정량한계미만,,,1.8,,정량한계미만,,,40.1,정량한계미만,5.8,,,정량한계미만,,,,,,12.5,2.146,0.011,242.0,17,,,,,정량한계미만,,0.015,,,1.679,,정량한계미만,,,8.7,정량한계미만,정량한계미만,,9.6,,1260,8.2,2.261,4.2,0.019,,
2020-12-07,122514,2020,12,2회차,낙동강,강정고령보(낙동왜관),강정,,,,,,,,2.1,,,,,33.2,,5.6,,,,,,,,,13.0,2.499,0.007,255.0,,,,,,,,0.036,,,1.894,,,,,8.3,,정량한계미만,,7.6,,,7.2,2.592,,0.016,,
2021-01-18,123897,2021,1,1회차,낙동강,강정고령보(낙동왜관),강정,,,,,,,,,,,,,,,,,,,,,,,,,,,,,,,,,,,,,,,,,,,,,,,,,,,,,,,
2021-01-25,124424,2021,1,2회차,낙동강,강정고령보(낙동왜관),강정,,,,,,,,,,,,,,,,,,,,,,,,,,,,,,,,,,,,,,,,,,,,,,,,,,,,,,,
2021-02-01,124953,2021,2,1회차,낙동강,강정고령보(낙동왜관),강정,,,,,,,,,,,,,,,,,,,,,,,,,,,,,,,,,,,,,,,,,,,,,,,,,,,,,,,
2021-02-15,126039,2021,2,2회차,낙동강,강정고령보(낙동왜관),강정,,,,,,,,2.5,,,,,18.7,,5.8,,,,,,,,,13.2,3.010,0.010,267.0,,,,,,,,0.037,,,2.381,,,,,8.2,,정량한계미만,,6.0,,,5.0,3.186,,0.018,,
2021-02-22,126505,2021,2,3회차,낙동강,강정고령보(낙동왜관),강정,,,,,,,,2.2,,,,,12.4,,5.6,,,,,,,,,13.2,2.741,0.017,266.0,0,,,,,,,0.035,,,2.278,,,,,8.3,정량한계미만,정량한계미만,,5.4,,70,6.4,2.855,4.7,0.020,,
2021-03-02,126933,2021,3,1회차,낙동강,강정고령보(낙동왜관),강정,,,,,,,,2.4,,,,,10.9,,5.4,,,,,,,,,12.9,2.647,0.015,249.0,,,,,,,,0.080,,,2.100,,,,,7.3,,정량한계미만,,8.6,,,5.5,2.728,,0.032,,
2021-03-08,127874,2021,3,2회차,낙동강,강정고령보(낙동왜관),강정,,,정량한계미만,정량한계미만,정량한계미만,,,2.3,,정량한계미만,,,17.1,정량한계미만,5.8,,,정량한계미만,,,,,,13.9,2.522,0.012,239.0,49,,,,,정량한계미만,,0.023,,,2.003,,정량한계미만,,,8.3,정량한계미만,정량한계미만,,8.0,,930,6.7,2.606,4.4,0.019,,
2021-03-15,128344,2021,3,3회차,낙동강,강정고령보(낙동왜관),강정,,,,,,,,2.8,,,,,31.4,,6.2,,,,,,,,,13.3,2.487,0.013,249.0,,,,,,,,0.016,,,1.980,,,,,8.3,,정량한계미만,,9.2,,,9.8,2.708,,0.030,,
2021-03-22,128829,2021,3,4회차,낙동강,강정고령보(낙동왜관),강정,,,,,,,,3.1,,,,,50.0,,7.5,,,,,,,,,12.6,2.882,0.025,259.0,,,,,,,,0.010,,,2.246,,,,,8.5,,정량한계미만,,11.6,,,9.7,3.025,,0.030,,
2021-04-05,129597,2021,4,1회차,낙동강,강정고령보(낙동왜관),강정,,,,,,,,2.6,,,,,33.4,,6.0,,,,,,,,,11.3,2.181,0.015,236.0,,,,,,,,0.045,,,1.619,,,,,7.9,,정량한계미만,,16.4,,,13.4,2.304,,0.031,,
2021-04-12,130429,2021,4,2회차,낙동강,강정고령보(낙동왜관),강정,,,,,,,,2.0,,,,,13.9,,7.6,,,,,,,,,10.4,4.183,0.056,186.0,44,,,,,,,0.087,,,3.035,,,,,6.9,정량한계미만,0.051,,11.2,,2900,13.0,4.299,6.0,0.079,,
2021-04-19,130903,2021,4,3회차,낙동강,강정고령보(낙동왜관),강정,,,,,,,,2.8,,,,,35.5,,6.7,,,,,,,,,11.2,3.570,0.032,195.0,,,,,,,,0.026,,,2.847,,,,,8.0,,정량한계미만,,8.4,,,14.3,3.756,,0.064,,
2021-04-26,131393,2021,4,4회차,낙동강,강정고령보(낙동왜관),강정,,,,,,,,2.5,,,,,48.4,,6.4,,,,,,,,,11.0,2.814,0.016,221.0,,,,,,,,0.032,,,2.362,,,,,8.6,,정량한계미만,,10.8,,,16.2,3.090,,0.027,,
2021-05-03,131820,2021,5,1회차,낙동강,강정고령보(낙동왜관),강정,,,,,,,,3.0,,,,,26.1,,4.0,,,,,,,,,10.4,2.299,0.015,235.0,,,,,,,,0.050,,,1.980,,,,,8.8,,정량한계미만,,9.6,,,17.8,2.478,,0.024,,
2021-05-10,132741,2021,5,2회차,낙동강,강정고령보(낙동왜관),강정,,,,,,,,2.1,,,,,18.3,,5.4,,,,,,,,,9.8,2.011,0.009,231.0,144,,,,,,,0.044,,,1.637,,,,,8.7,정량한계미만,정량한계미만,,8.8,,5400,16.9,2.127,3.7,0.023,,
2021-05-17,133220,2021,5,3회차,낙동강,강정고령보(낙동왜관),강정,,,,,,,,2.1,,,,,21.3,,6.5,,,,,,,,,9.6,1.501,0.010,227.0,,,,,,,,0.067,,,1.300,,,,,8.2,,0.003,,17.2,,,18.6,1.593,,0.023,,
2021-05-24,133642,2021,5,4회차,낙동강,강정고령보(낙동왜관),강정,,,,,,,,2.4,,,,,13.4,,7.2,,,,,,,,,9.2,3.069,0.057,192.0,,,,,,,,0.122,,,2.419,,,,,7.2,,0.045,,9.2,,,19.8,3.086,,0.073,,
2021-06-01,134111,2021,6,1회차,낙동강,강정고령보(낙동왜관),강정,,,,,,,,2.4,,,,,20.4,,6.6,,,,,,,,,9.5,2.475,0.016,217.0,,,,,,,,0.056,,,2.016,,,,,8.1,,정량한계미만,,8.8,,,22.6,2.490,,0.020,,
2021-06-07,135035,2021,6,2회차,낙동강,강정고령보(낙동왜관),강정,,,정량한계미만,정량한계미만,정량한계미만,,,1.9,,정량한계미만,,,30.2,정량한계미만,6.5,,,정량한계미만,,,,,,9.8,2.037,0.013,223.0,200,,,,,정량한계미만,,0.049,,,1.699,,정량한계미만,,,8.4,정량한계미만,0.003,,7.6,,18500,21.5,2.117,3.7,0.026,,
2021-06-14,135494,2021,6,3회차,낙동강,강정고령보(낙동왜관),강정,,,,,,,,2.0,,,,,34.2,,6.3,,,,,,,,,9.2,1.696,0.014,224.0,,,,,,,,0.056,,,1.389,,,,,8.5,,정량한계미만,,10.4,,,23.8,2.000,,0.021,,
2021-06-21,135966,2021,6,4회차,낙동강,강정고령보(낙동왜관),강정,,,,,,,,2.4,,,,,44.7,,6.9,,,,,,,,,9.4,1.490,0.012,216.0,,,,,,,,0.047,,,1.221,,,,,8.6,,정량한계미만,,9.6,,,23.8,1.714,,0.019,,
2021-07-05,136758,2021,7,1회차,낙동강,강정고령보(낙동왜관),강정,,,,,,,,2.0,,,,,20.9,,6.2,,,,,,,,,9.0,1.202,0.011,208.0,,,,,,,,0.061,,,1.013,,,,,7.8,,정량한계미만,,8.8,,,23.3,1.305,,0.021,,
2021-07-12,137516,2021,7,2회차,낙동강,강정고령보(낙동왜관),강정,,,,,,,,1.3,,,,,5.4,,8.2,,,,,,,,,9.1,2.431,0.080,141.0,3600,,,,,,,0.073,,,2.071,,,,,7.0,정량한계미만,0.071,,43.4,,300000,24.0,2.591,6.5,0.092,,
2021-07-19,137997,2021,7,3회차,낙동강,강정고령보(낙동왜관),강정,,,,,,,,2.3,,,,,28.1,,6.1,,,,,,,,,9.1,2.072,0.024,178.0,,,,,,,,0.047,,,1.799,,,,,7.9,,0.003,,4.8,,,26.7,2.138,,0.035,,
2021-08-17,139367,2021,8,1회차,낙동강,강정고령보(낙동왜관),강정,,,,,,,,1.4,,,,,7.2,,5.4,,,,,,,,,7.9,1.602,0.055,203.0,2200,,,,,,,0.120,,,1.213,,,,,7.6,정량한계미만,0.040,,6.4,,56000,26.0,1.764,3.7,0.064,,
2021-08-23,139912,2021,8,2회차,낙동강,강정고령보(낙동왜관),강정,,,,,,,,1.0,,,,,5.8,,4.9,,,,,,,,,8.0,1.581,0.046,200.0,,,,,,,,0.095,,,1.256,,,,,7.7,,0.032,,6.8,,,24.9,1.661,,0.052,,
2021-09-06,140970,2021,9,1회차,낙동강,강정고령보(낙동왜관),강정,,,,,,,,0.7,,,,,5.0,,7.9,,,,,,,,,8.8,2.423,0.078,145.0,,,,,,,,0.050,,,1.955,,,,,7.5,,0.067,,11.2,,,21.5,2.485,,0.090,,
2021-09-13,141767,2021,9,2회차,낙동강,강정고령보(낙동왜관),강정,,,정량한계미만,정량한계미만,정량한계미만,,,1.8,,정량한계미만,,,26.6,정량한계미만,6.3,,,정량한계미만,,,,,,9.7,2.220,0.038,180.0,2300,,,,,정량한계미만,,0.025,,,1.896,,정량한계미만,,,8.2,정량한계미만,0.021,,5.2,,12000,22.8,2.396,3.6,0.048,,
2021-09-27,142270,2021,9,3회차,낙동강,강정고령보(낙동왜관),강정,,,,,,,,1.4,,,,,14.6,,5.7,,,,,,,,,9.1,2.024,0.027,208.0,,,,,,,,0.056,,,1.753,,,,,7.9,,0.022,,4.0,,,21.9,2.122,,0.040,,
2021-10-05,142839,2021,10,1회차,낙동강,강정고령보(낙동왜관),강정,,,,,,,,1.8,,,,,17.1,,5.1,,,,,,,,,9.2,1.933,0.026,220.0,,,,,,,,0.058,,,1.548,,,,,8.2,,0.003,,6.4,,,23.3,2.001,,0.036,,
2021-10-12,143759,2021,10,2회차,낙동강,강정고령보(낙동왜관),강정,,,,,,,,1.2,,,,,21.7,,4.9,,,,,,,,,9.1,1.909,0.019,224.0,560,,,,,,,0.078,,,1.583,,,,,8.1,정량한계미만,0.004,,8.4,,50000,21.0,2.036,2.9,0.025,,
2021-10-18,144207,2021,10,3회차,낙동강,강정고령보(낙동왜관),강정,,,,,,,,1.3,,,,,28.1,,5.4,,,,,,,,,9.9,1.789,0.014,218.0,,,,,,,,0.048,,,1.599,,,,,8.0,,0.005,,13.6,,,18.5,1.921,,0.029,,
2021-10-25,144685,2021,10,4회차,낙동강,강정고령보(낙동왜관),강정,,,,,,,,1.6,,,,,49.1,,6.1,,,,,,,,,10.4,1.795,0.012,240.0,,,,,,,,0.020,,,1.670,,,,,8.9,,정량한계미만,,14.4,,,16.4,1.840,,0.025,,
2021-11-01,145114,2021,11,1회차,낙동강,강정고령보(낙동왜관),강정,,,,,,,,1.6,,,,,24.0,,5.7,,,,,,,,,10.8,2.048,0.014,234.0,,,,,,,,0.032,,,1.612,,,,,9.0,,정량한계미만,,8.8,,,15.2,2.091,,0.020,,
2021-11-10,146297,2021,11,2회차,낙동강,강정고령보(낙동왜관),강정,,,,,,,,1.4,,,,,20.8,,4.3,,,,,,,,,10.7,2.320,0.013,248.0,990,,,,,,,0.047,,,2.073,,,,,7.9,정량한계미만,0.005,,12.1,,76000,12.3,2.384,2.8,0.029,,
2021-11-15,146512,2021,11,3회차,낙동강,강정고령보(낙동왜관),강정,,,,,,,,1.0,,,,,14.0,,4.4,,,,,,,,,10.9,2.100,0.013,238.0,,,,,,,,0.040,,,1.946,,,,,7.9,,정량한계미만,,4.8,,,11.4,2.169,,0.020,,
2021-11-22,146993,2021,11,4회차,낙동강,강정고령보(낙동왜관),강정,,,,,,,,1.4,,,,,32.0,,4.9,,,,,,,,,12.3,2.044,0.010,248.0,,,,,,,,0.032,,,1.792,,,,,8.6,,0.003,,5.6,,,10.8,2.106,,0.018,,
2021-12-06,147726,2021,12,1회차,낙동강,강정고령보(낙동왜관),강정,,,정량한계미만,정량한계미만,정량한계미만,,,1.9,,정량한계미만,,,22.7,정량한계미만,5.2,,,정량한계미만,,,,,,12.5,2.150,0.006,180.0,84,,,,,정량한계미만,,0.037,,,1.990,,정량한계미만,,,9.2,정량한계미만,정량한계미만,,5.2,,2700,6.6,2.235,3.5,0.019,,
2021-12-13,148552,2021,12,2회차,낙동강,강정고령보(낙동왜관),강정,,,,,,,,2.0,,,,,13.4,,4.9,,,,,,,,,13.3,2.211,0.012,262.0,,,,,,,,0.033,,,1.963,,,,,8.4,,0.003,,4.4,,,5.3,2.297,,0.021,,
2022-01-10,419,2022,1,1회차,낙동강,강정고령보(낙동왜관),강정,,,,,,,,,,,,,,,,,,,,,,,,,,,,,,,,,,,,,,,,,,,,,,,,,,,,,,,
2022-01-17,1098,2022,1,2회차,낙동강,강정고령보(낙동왜관),강정,,,,,,,,,,,,,,,,,,,,,,,,,,,,,,,,,,,,,,,,,,,,,,,,,,,,,,,
2022-01-24,1465,2022,1,3회차,낙동강,강정고령보(낙동왜관),강정,,,,,,,,,,,,,,,,,,,,,,,,,,,,,,,,,,,,,,,,,,,,,,,,,,,,,,,
2022-02-07,1973,2022,2,1회차,낙동강,강정고령보(낙동왜관),강정,,,,,,,,,,,,,,,,,,,,,,,,,,,,,,,,,,,,,,,,,,,,,,,,,,,,,,,
2022-02-14,2877,2022,2,2회차,낙동강,강정고령보(낙동왜관),강정,,,,,,,,1.7,,,,,11.1,,5.2,,,,,,,,,14.5,2.444,0.011,254.0,,,,,,,,0.034,,,2.189,,,,,8.4,정량한계미만,정량한계미만,,3.6,,,4.2,2.497,3.3,0.018,,
2022-02-21,3359,2022,2,3회차,낙동강,강정고령보(낙동왜관),강정,,,,,,,,1.5,,,,,9.7,,5.4,,,,,,,,,13.9,2.402,0.015,263.0,50,,,,,,,0.037,,,2.151,,,,,8.5,,정량한계미만,,4.8,,890.0,2.8,2.614,,0.025,,
2022-03-07,4069,2022,3,1회차,낙동강,강정고령보(낙동왜관),강정,,,,,,,,2.1,,,,,10.8,,6.0,,,,,,,,,13.8,2.176,0.023,256.0,,,,,,,,0.032,,,2.091,,,,,8.4,,0.004,,5.2,,,5.1,2.315,,0.024,,
2022-03-14,4838,2022,3,2회차,낙동강,강정고령보(낙동왜관),강정,,,,정량한계미만,정량한계미만,,,2.3,,정량한계미만,,,12.2,정량한계미만,5.8,,,정량한계미만,,,,,,13.0,2.06,0.011,234.0,88,,,,,정량한계미만,,0.031,,,1.873,,정량한계미만,,,8.4,정량한계미만,정량한계미만,,4.4,,3400.0,7.0,2.169,3.6,0.019,,
2022-03-21,5320,2022,3,3회차,낙동강,강정고령보(낙동왜관),강정,,,,,,,,2.3,,,,,16.7,,6.2,,,,,,,,,12.5,2.054,0.013,233.0,,,,,,,,0.025,,,1.812,,,,,8.9,,정량한계미만,,5.6,,,8.4,2.19,,0.019,,
2022-03-28,5792,2022,3,4회차,낙동강,강정고령보(낙동왜관),강정,,정량한계미만,,,,,,2.6,,,,,25.1,,6.5,,,,,,,,,12.0,2.285,0.016,244.0,,,,,,,,0.053,,,1.935,,,,,8.2,,정량한계미만,,9.2,,,10.7,2.305,,0.025,,
2022-04-04,6205,2022,4,1회차,낙동강,강정고령보(낙동왜관),강정,,,,,,,,3.0,,,,,34.7,,7.0,,,,,,,,,12.3,2.373,0.018,222.0,,,,,,,,0.021,,,2.133,,,,,8.7,,0.003,,10.0,,,13.0,2.563,,0.030,,
2022-04-11,7112,2022,4,2회차,낙동강,강정고령보(낙동왜관),강정,,,,,,,,2.4,,,,,16.4,,5.7,,,,,,,,,10.9,2.596,0.022,204.0,38,,,,,,,0.048,,,2.374,,,,,8.1,정량한계미만,정량한계미만,,7.2,,3100.0,14.0,2.754,3.6,0.034,,
2022-04-18,7578,2022,4,3회차,낙동강,강정고령보(낙동왜관),강정,,,,,,,,2.3,,,,,14.0,,5.9,,,,,,,,,10.2,2.248,0.019,214.0,,,,,,,,0.038,,,2.209,,,,,8.4,,0.003,,5.6,,,16.2,2.374,,0.026,,
2022-04-25,8091,2022,4,4회차,낙동강,강정고령보(낙동왜관),강정,,,,,,,,2.4,,,,,35.9,,6.1,,,,,,,,,10.4,1.89,0.010,228.0,,,,,,,,0.030,,,1.732,,,,,8.8,,정량한계미만,,8.8,,,18.5,2.041,,0.015,,
2022-05-09,8851,2022,5,1회차,낙동강,강정고령보(낙동왜관),강정,,,,,,,,2.0,,,,,8.3,,5.4,,,,,,,,,9.1,1.302,0.015,231.0,160,,,,,,,0.050,,,1.113,,,,,8.3,정량한계미만,정량한계미만,,4.4,,22000.0,19.5,1.369,3.2,0.027,,
2022-05-16,9630,2022,5,2회차,낙동강,강정고령보(낙동왜관),강정,,,,,,,,1.8,,,,,2.6,,5.3,,,,,,,,,9.1,1.352,0.023,228.0,,,,,,,,0.051,,,1.027,,,,,8.1,,0.004,,3.2,,,20.0,1.415,,0.028,,
2022-05-23,10104,2022,5,3회차,낙동강,강정고령보(낙동왜관),강정,,,,,,,,1.2,,,,,7.0,,5.3,,,,,,,,,9.2,1.39,0.010,225.0,,,,,,,,0.046,,,0.987,,,,,8.4,,정량한계미만,,2.8,,,22.5,1.514,,0.018,,
2022-06-07,10904,2022,6,1회차,낙동강,강정고령보(낙동왜관),강정,,,,,,,,1.8,,,,,5.6,,5.8,,,,,,,,,8.4,1.438,0.017,234.0,,,,,,,,0.073,,,0.954,,,,,8.3,,0.003,,3.6,,,22.2,1.54,,0.022,,
2022-06-13,11717,2022,6,2회차,낙동강,강정고령보(낙동왜관),강정,,정량한계미만,,정량한계미만,정량한계미만,,,2.0,,정량한계미만,,,10.6,정량한계미만,5.7,,,정량한계미만,,,,,,8.3,1.115,0.015,233.0,6000,,,,,정량한계미만,,0.079,,,0.891,,정량한계미만,,,8.0,정량한계미만,정량한계미만,,4.8,,35000.0,22.4,1.152,4.0,0.017,,
2022-06-20,12202,2022,6,3회차,낙동강,강정고령보(낙동왜관),강정,,,,,,,,2.9,,,,,17.8,,6.9,,,,,,,,,8.4,1.111,0.011,227.0,,,,,,,,0.051,,,0.787,,,,,8.4,,정량한계미만,,6.0,,,25.8,1.134,,0.012,,
2022-06-27,12671,2022,6,4회차,낙동강,강정고령보(낙동왜관),강정,,,,,,,,2.5,,,,,8.5,,6.1,,,,,,,,,8.1,1.019,0.014,214.0,,,,,,,,0.121,,,0.792,,,,,7.9,,0.008,,6.0,,,25.2,1.086,,0.026,,
2022-07-04,13152,2022,7,1회차,낙동강,강정고령보(낙동왜관),강정,,,,,,,,3.1,,,,,29.4,,7.1,,,,,,,,,7.8,0.833,0.020,219.0,,,,,,,,0.053,,,0.701,,,,,8.2,,정량한계미만,,5.2,,,27.8,0.911,,0.025,,
2022-07-11,14049,2022,7,2회차,낙동강,강정고령보(낙동왜관),강정,,,,,,,,2.8,,,,,19.5,,5.9,,,,,,,,,8.1,0.821,0.015,219.0,4700,,,,,,,0.071,,,0.552,,,,,8.6,정량한계미만,정량한계미만,,4.8,,60000.0,27.4,0.862,3.9,0.024,,
2022-08-16,15807,2022,8,1회차,낙동강,강정고령보(낙동왜관),강정,,,,,,,,1.4,,,,,10.9,,5.6,,,,,,,,,8.4,2.794,0.064,153.0,,,,,,,,0.066,,,2.098,,,,,7.2,,0.058,,33.6,,,25.2,2.942,,0.069,,
2022-08-22,16363,2022,8,2회차,낙동강,강정고령보(낙동왜관),강정,,,,,,,,2.5,,,,,38.7,,6.0,,,,,,,,,9.3,2.276,0.024,205.0,5000,,,,,,,0.027,,,1.763,,,,,8.2,정량한계미만,0.008,,6.8,,56000.0,26.7,2.521,3.6,0.039,,
2022-09-13,18360,2022,9,1회차,낙동강,강정고령보(낙동왜관),강정,,정량한계미만,,정량한계미만,정량한계미만,,,1.4,,정량한계미만,,,23.7,정량한계미만,6.5,,,정량한계미만,,,,,,9.4,2.826,0.041,178.0,1100,,,,,정량한계미만,,0.022,,,2.547,,정량한계미만,,,7.6,정량한계미만,0.027,,5.6,,23000.0,23.1,2.894,4.9,0.042,,
2022-09-20,18361,2022,9,2회차,낙동강,강정고령보(낙동왜관),강정,,,,,,,,2.1,,,,,17.7,,5.8,,,,,,,,,9.3,2.604,0.018,200.0,,,,,,,,0.047,,,2.346,,,,,7.9,,0.008,,4.0,,,23.7,2.673,,0.026,,
2022-09-27,18362,2022,9,3회차,낙동강,강정고령보(낙동왜관),강정,,,,,,,,1.9,,,,,20.0,,5.3,,,,,,,,,8.8,2.569,0.017,223.0,,,,,,,,0.069,,,2.183,,,,,7.7,,0.005,,3.6,,,22.4,2.586,,0.025,,
2022-10-04,20613,2022,10,1회차,낙동강,강정고령보(낙동왜관),강정,,,,,,,,1.5,,,,,20.0,,4.9,,,,,,,,,8.7,2.053,0.018,231.0,,,,,,,,0.063,,,1.78,,,,,7.8,,정량한계미만,,5.6,,,22.4,2.148,,0.029,,
2022-10-11,20614,2022,10,2회차,낙동강,강정고령보(낙동왜관),강정,,,,,,,,1.6,,,,,40.7,,5.6,,,,,,,,,9.7,1.792,0.017,235.0,24000,,,,,,,0.02,,,1.585,,,,,8.2,정량한계미만,정량한계미만,,9.6,,150000.0,18.3,2.067,3.7,0.026,,
2022-10-17,20615,2022,10,3회차,낙동강,강정고령보(낙동왜관),강정,,,,,,,,2.0,,,,,33.7,,5.3,,,,,,,,,9.8,1.733,0.03,238.0,,,,,,,,0.025,,,1.51,,,,,8.1,,정량한계미만,,10.8,,,19.1,1.797,,0.046,,
2022-10-24,20616,2022,10,4회차,낙동강,강정고령보(낙동왜관),강정,,,,,,,,1.8,,,,,32.2,,5.8,,,,,,,,,10.3,1.84,0.012,237.0,,,,,,,,0.027,,,1.484,,,,,8.6,,정량한계미만,,9.4,,,17.0,1.88,,0.028,,
2022-11-01,22996,2022,11,1회차,낙동강,강정고령보(낙동왜관),강정,,,,,,,,1.5,,,,,10.0,,4.8,,,,,,,,,9.6,1.87,0.022,238.0,,,,,,,,0.038,,,1.52,,,,,8.2,,0.008,,6.0,,,16.4,1.904,,0.035,,
2022-11-07,22997,2022,11,2회차,낙동강,강정고령보(낙동왜관),강정,,,,,,,,1.5,,,,,20.0,,4.5,,,,,,,,,10.7,1.907,0.016,257.0,160,,,,,,,0.025,,,1.68,,,,,8.5,정량한계미만,정량한계미만,,5.0,,14000.0,14.1,2.027,3.2,0.029,,
2022-11-14,22998,2022,11,3회차,낙동강,강정고령보(낙동왜관),강정,,,,,,,,1.9,,,,,15.9,,4.8,,,,,,,,,10.7,1.955,0.016,260.0,,,,,,,,0.029,,,1.643,,,,,8.2,,정량한계미만,,4.0,,,14.1,2.026,,0.024,,
2022-11-21,22999,2022,11,4회차,낙동강,강정고령보(낙동왜관),강정,,,,,,,,1.7,,,,,14.7,,4.6,,,,,,,,,10.8,1.892,0.02,256.0,,,,,,,,0.029,,,1.697,,,,,7.5,,정량한계미만,,4.8,,,12.7,2.018,,0.025,,
2022-12-05,24989,2022,12,1회차,낙동강,강정고령보(낙동왜관),강정,,정량한계미만,,정량한계미만,정량한계미만,,,1.4,,정량한계미만,,,13.9,정량한계미만,4.1,,,정량한계미만,,,,,,12.2,2.011,.007,268.0,73,,,,,정량한계미만,,.023,,,1.844,,정량한계미만,,,7.7,정량한계미만,정량한계미만,,4.4,,5200.0,6.8,2.133,2.8,.024,,
2022-12-12,24990,2022,12,2회차,낙동강,강정고령보(낙동왜관),강정,,,,,,,,1.8,,,,,12.8,,4.6,,,,,,,,,12.6,2.134,.014,267.0,,,,,,,,.029,,,1.884,,,,,7.8,,정량한계미만,,4.0,,,6.4,2.18,,.021,,
